Client,Numero,Matricule,Montant,Presence
3FPT,32659,AD2994TTD1,,oui
3FPT,32660,AD30801,,oui
3FPT,32681,AD293960,3000.0,oui
3FPT,32697,AD294000,1500.0,oui
3FPT,32698,AD293950,17500.0,oui
3FPT,32699,AD293970,1000.0,oui
3FPT,69604,AD2543,5000.0,oui
3FPT,104175,DK2714BD.,,oui
3FPT,104176,AD294370,19500.0,oui
3FPT,104370,AD271500,,oui
3FPT,112649,AD294340,8000.0,oui
AEGC,101629,AA248CN.,2000.0,oui
AEGC,101630,AA238SS,4000.0,oui
AEGC,101631,027CD198,3000.0,oui
AEGC,101632,027CD197,,oui
AEGC,101633,027CD190,,oui
AEGC,101634,027CD234,,oui
AEGC,101641,AA898MX,4000.0,oui
AEGC,92247,AA248CN,,oui
AEGC,89801,027CD219,11000.0,oui
AEGC,89822,AA349HE,8000.0,oui
AEGC,89823,AA209CC,4000.0,oui
AEGC,89832,027IT231,34000.0,oui
AMSA REALITY,113561,2465TTA1,,non
AMSA REALITY,113562,AA690CA0,51500.0,oui
AMSA REALITY,113563,4830TTA10,27000.0,oui
AMSA REALITY,113579,2466TTA1,,oui
AMSA REALITY,113580,439TTA1,30000.0,oui
AMSA REALITY,113581,440TTA1,,oui
AMSA REALITY,113582,441TTA1,20000.0,oui
AMSA REALITY,113583,AA740HV,,oui
AMSA REALITY,113584,AA743HX,30000.0,oui
AMSA REALITY,113585,442TTA1,,oui
AMSA REALITY,113586,462TTA1,23000.0,oui
AMSA REALITY,113587,STC250T4,,oui
AMSA REALITY,113588,AA684MH0,5000.0,oui
AMSA REALITY,113589,AA719FJ,3000.0,oui
AMSA REALITY,113590,4760TTA10,9000.0,oui
AMSA REALITY,113591,AA275AH,9500.0,oui
AMSA REALITY,113592,AA663PT,,oui
AMSA REALITY,113593,AA386WA,,oui
AMSA REALITY,113594,AA235GM,,oui
AMSA REALITY,113595,AA183MJ,,oui
AMSA REALITY,113596,AA144BP,,oui
ASPT,25822,AA812BB,,oui
ASPT,25831,AA701AM,,oui
ASPT,25834,AD25759,,oui
ASPT,25835,AD25761,,oui
ASPT,25836,AD25762,11000.0,oui
ASPT,25837,AD25763,17000.0,oui
ASPT,25838,AD25764,,oui
ASPT,25839,AD25779,,oui
ASPT,64069,AD25759,,oui
ASPT,106063,AA329ND,12500.0,oui
ASPT,106064,AD 25764,6000.0,oui
ASPT,106065,DK2579AS,4000.0,oui
ASPT,112669,DK6694AM,32500.0,oui
ASPT,113603,AD257080,1500.0,oui
AXALLURE,64436,AA888CL,20500.0,oui
AXALLURE,64457,AA909BT,23500.0,oui
AXALLURE,64458,AA641EG,45000.0,oui
AXALLURE,64459,TH8712K0,,oui
AXALLURE,64460,AA872EX,,oui
AXALLURE,90819,AA449PN,5000.0,oui
BNDE,118759,DK9845BL,,non
BNDE,118765,AA367AZ,13000.0,non
BNDE,118766,AA589VM,,non
BNDE,118769,AA174JY,,non
BNDE,118770,AA177JY,,non
BNDE,118771,AA182JY,,non
BNDE,118772,AA091JW,,non
BNDE,118773,AA079JW,,non
BNDE,118774,AA589JX.,,non
BNDE,118775,AA642LJ,12500.0,non
BNDE,118776,AA951RV,,non
BNDE,118777,AA960VR,7000.0,non
CARMEUSE,25340,DK9582BH,,oui
CARMEUSE,26067,DK1887BM,,oui
CARMEUSE,26202,DK0030BK,,oui
CARMEUSE,33185,AA028EM,14500.0,oui
CARMEUSE,64001,AA620BZ,7000.0,oui
CARMEUSE,64002,DK0010BK0,6000.0,oui
CARMEUSE,64117,DK1224BL,18000.0,oui
CARMEUSE,64828,AA142QV,28000.0,oui
CARMEUSE,64829,AA-140-QT,,oui
CARMEUSE,64831,AA670QP,13500.0,oui
CARMEUSE,64832,AA676DQ,8000.0,oui
CARMEUSE,64833,AA607DL,14000.0,oui
CARMEUSE,64834,AA883QS,30000.0,oui
CARMEUSE,64835,AA663QP,6000.0,oui
CARMEUSE,64836,AA137QT,8500.0,oui
CARMEUSE,69868,DK0220BK,,oui
CARMEUSE,69869,AA984DS0,4000.0,oui
CARMEUSE,69870,AA592BG,,oui
CARMEUSE,69871,AA677GM0,,oui
CARMEUSE,69873,AA606BQ0,,oui
CARMEUSE,90574,AA410SC,14000.0,oui
CARMEUSE,90587,AA941RX,,oui
CDF,64363,AA188JD,40000.0,oui
CDF,64364,AA323DS,23000.0,oui
CDF,64365,AA187JD,26500.0,oui
CDF,64366,AA162JD,,oui
CDF,64367,AA157JD,16500.0,oui
CDF,64368,AA151JD,22500.0,oui
CDF,64369,AA160JD,,oui
CDF,64370,AA186DR0,,oui
CDF,64371,AA146JD,2000.0,oui
CDF,64372,AA148JT,,oui
CDF,100769,AA418CJ,8500.0,oui
CDF,103514,AA186DR00,12000.0,oui
CDF,109974,DK0387BL,42500.0,non
CDF,113553,AD6393,25000.0,non
CDF,113555,AD6395,26500.0,non
CDF,113569,AA128AD,8500.0,oui
CDF,113570,DK2964BH,12000.0,oui
CDF,118789,AD6397,102500.0,non
CDF,118790,AD6394,12000.0,non
CFAO,12556,DK4890AX0,,non
CFAO,12673,DK2512AT,,non
CFAO,12732,AA586DY,,non
CFAO,12744,DK6987AS,,non
CFAO,12745,DK3518AK,,non
CFAO,15045,AA435BZ,,non
CFAO,15049,DK7539BL,,non
CFAO,15053,AA590DY,,non
CFAO,15057,DK5971AM,,non
CFAO,15080,DK1294BC,,non
CFAO,15094,DK3495BL0,,non
CFAO,15107,DK4536Bb,,non
CFAO,15108,DK0941AT,,non
CFAO,15164,DK7322AN,,non
CLUB THIOSSANE,116459,AA713VZ,,non
CLUB THIOSSANE,116458,AB027AX,,non
CLUB THIOSSANE,116457,AB312BE,,non
CLUB THIOSSANE,118748,AA561BF,,non
CLUB THIOSSANE,118749,AA767FZ,,non
CLUB THIOSSANE,118750,AA923YV,77000.0,non
CLUB THIOSSANE,118751,AA746FZ,,non
CLUB THIOSSANE,118752,AA765FZ0,,non
CLUB THIOSSANE,118753,AA109WA,25000.0,non
CLUB THIOSSANE,118754,AA931YV,19000.0,non
CLUB THIOSSANE,118755,AA928YV,5500.0,non
CIMAF SENEGAL,64236,1418EX0,7000.0,non
CIMAF SENEGAL,100740,3079EX,44000.0,oui
CIMAF SENEGAL,100762,2487EX00,2000.0,oui
CIMAF SENEGAL,100763,1380EX00,3000.0,oui
CIMAF SENEGAL,100764,1717EX00,11000.0,oui
CIMAF SENEGAL,100765,1774EX00,10000.0,oui
CIMAF SENEGAL,100766,2976EX0,65500.0,oui
CIMAF SENEGAL,100767,2376EX00,3000.0,oui
CIMAF SENEGAL,100768,2035EX00,15000.0,oui
CIMAF SENEGAL,100770,2984EX00,42000.0,oui
CIMAF SENEGAL,100771,3004EX,6000.0,oui
CIMAF SENEGAL,100772,2883EX,28500.0,oui
CIMAF SENEGAL,100773,2858EX00,,oui
CIMAF SENEGAL,100774,2107EX00,9000.0,oui
CIMAF SENEGAL,100775,2974EX,34500.0,oui
CIMAF SENEGAL,100776,2997EX0,3000.0,oui
CIMAF SENEGAL,100777,3045EX,1000.0,oui
CIMAF SENEGAL,103179,3051EX,15000.0,oui
CIMAF SENEGAL,103180,3052EX,11000.0,oui
CIMAF SENEGAL,113528,3276EX,5000.0,non
CIMAF SENEGAL,113557,3236EX,3000.0,non
CIMAF SENEGAL,113558,AA365XE,,non
COGELEC,1239,DK5443AY,,oui
COGELEC,29601,DK3109AH,,oui
COGELEC,29645,DK5463AY,,oui
COGELEC,29695,A804BA,,oui
COGELEC,90743,AA460KR,,oui
COGELEC,29756,DK5552AS,,oui
COGELEC,29787,AA091DP,,oui
COGELEC,69255,AA221EB,,oui
COGELEC,69601,AA513KM,,oui
COGELEC,103555,AA856DP,,oui
COGELEC,103556,DK5052BD0,,oui
COGELEC,103557,DK9446BG,,oui
COGELEC,103558,AA584DQ,,oui
COGELEC,103559,AA582DQ,,oui
COGELEC,103560,DK5443AY0,,oui
COGELEC,103561,AA585DQ,,oui
COGELEC,103562,DK5464AY0,,oui
COGELEC,103563,AA665EZ,,oui
COGELEC,104421,AA221EB0,,oui
COMET SA,69630,AA728DW,,oui
COMET SA,69641,AA298CN,,oui
COMET SA,69658,AA607DK,,oui
COMET SA,69664,AA416DK,,oui
COMET SA,69665,AA418DK,,oui
COMET SA,69666,AA609DK,,oui
COMET SA,69675,AA299CN,1000.0,oui
COMET SA,69678,AA415DK,4000.0,oui
COMET SA,69700,AA588CG,10000.0,oui
COMET SA,69708,AA978HQ,15000.0,oui
COMET SA,69710,AA914HQ,,oui
COMET SA,69711,AA972HQ,4000.0,oui
COMET SA,69712,AA235CN,,oui
COMET SA,69713,AA594DK,,oui
COMET SA,69730,AA630HL,2000.0,oui
COMET SA,69732,AA625HL,,oui
COMET SA,69736,DK9583AL,,oui
COMET SA,69737,AA303LA,,oui
COMET SA,69738,DK4017AP,,oui
COMET SA,69739,DK6662AR,,oui
COMET SA,69773,AA629HL,9500.0,oui
COMET SA,69774,AA720GN,14000.0,oui
COMET SA,69781,AA612DK,17000.0,oui
COMET SA,69793,AA598DK,,oui
COMET SA,101746,AA946HQ,,oui
COMET SA,101747,AA417DK,2000.0,oui
COMET SA,101748,AA419DK,,oui
COMET SA,101749,AA596DK,,oui
COMET SA,101751,AA600DK,10000.0,oui
COMET SA,103370,AA429HK0,1000.0,oui
COMET SA,103371,AA420DK0,,oui
COMET SA,103372,AA933DK,,oui
COMET SA,103373,AA241CN,,oui
COMET SA,103374,AA949HQ,,oui
COMET SA,103375,AA623HL,4000.0,oui
COMET SA,103391,AA362CY0,,oui
COMET SA,104385,AA414DK,,oui
COMET SA,104483,AA603DK,,oui
COMET SA,104484,AA245CN,2500.0,oui
COSETRANS SUARL,88202,TH3393H,,oui
COSETRANS SUARL,88203,DFK5177BB,,oui
COSETRANS SUARL,88204,TH5184K0,,oui
COSETRANS SUARL,88205,DK1236BE0,,oui
COSETRANS SUARL,88206,TH5182K,,oui
COSETRANS SUARL,88207,TH5183K,,oui
COSETRANS SUARL,88208,TH9329K0,,oui
COSETRANS SUARL,88210,DK1231BE,,oui
COSETRANS SUARL,88253,AA731LS,,oui
COSETRANS SUARL,88254,AA117HZ,,oui
COSETRANS SUARL,88255,AA476HB,,oui
COSETRANS SUARL,88256,AA494QH,,oui
COSETRANS SUARL,88257,AA179LR,,oui
COSETRANS SUARL,88258,DK4981AY,,oui
COSETRANS SUARL,88259,AA503QH,,oui
COSETRANS SUARL,88260,AA181LR,,oui
COSETRANS SUARL,88261,AA186LR,,oui
COSETRANS SUARL,88262,AA493HB,,oui
COSETRANS SUARL,88263,AA490HB,,oui
COSETRANS SUARL,88264,LG2571C,,oui
COSETRANS SUARL,88265,DK2090BA,,oui
COSETRANS SUARL,88266,DK9436AY,,oui
COSETRANS SUARL,88268,AA732GC,,oui
COSETRANS SUARL,88269,AA049GX,,oui
COSETRANS SUARL,88270,AA626GH,,oui
COSETRANS SUARL,88271,AA355GM,,oui
COSETRANS SUARL,88272,AA357GM,,oui
COSETRANS SUARL,88273,AA714LS,,oui
COSETRANS SUARL,88274,AA090JL,,oui
COSETRANS SUARL,88275,AA114HZ,,oui
COSETRANS SUARL,88276,AA314HC,,oui
COSETRANS SUARL,88277,AA644BH,,oui
COSETRANS SUARL,88278,AA233GZ,,oui
COSETRANS SUARL,88279,AA391GZ,,oui
COSETRANS SUARL,88280,AA158JV,,oui
COSETRANS SUARL,88281,AA175LR,,oui
COSETRANS SUARL,88282,AA330KN,,oui
COSETRANS SUARL,88283,AA973CA,,oui
COSETRANS SUARL,88284,DK5159BB,,oui
COSETRANS SUARL,88285,DK4552AM,,oui
COSETRANS SUARL,88286,TH5196H,,oui
COSETRANS SUARL,88287,TH3047G,,oui
COSETRANS SUARL,88288,DK3547EM,,oui
COSETRANS SUARL,88289,TH1634K,,oui
COSETRANS SUARL,88290,TH1707H,,oui
COSETRANS SUARL,88291,DK5158BB,,oui
COSETRANS SUARL,88292,DK4840BL,,oui
COSETRANS SUARL,88293,DK3865AY,,oui
COSETRANS SUARL,88294,AA849AT,,oui
COSETRANS SUARL,88295,DK3319AZ,,oui
COSETRANS SUARL,88297,DK1230BE,,oui
COSETRANS SUARL,88298,DK6705AZ,,oui
COSETRANS SUARL,104405,AA957JS,,oui
COSETRANS SUARL,104406,TH0828K,,oui
COSETRANS SUARL,104411,AA307RP0,,oui
COSETRANS SUARL,104412,AA130MJ,,oui
COSETRANS SUARL,104413,AA102MK0,,oui
COSETRANS SUARL,104414,AA958PR,,oui
COSETRANS SUARL,104415,AA347EM,,oui
COSETRANS SUARL,104416,AA270LY,,oui
COSETRANS SUARL,104417,AA758AK0,,oui
COSETRANS SUARL,104418,AA240TM,,oui
COSETRANS SUARL,104419,AA937PR,,oui
COSETRANS SUARL,104420,AA876MK,,oui
COSETRANS SUARL,104426,AA919FW,,oui
COSETRANS SUARL,104427,AA370VD,,oui
COSETRANS SUARL,104428,AA392VD,,oui
COSETRANS SUARL,104429,AA998VJ,,oui
COSETRANS SUARL,104430,AA997VJ,,oui
COSETRANS SUARL,104431,AA556RS,,oui
COSETRANS SUARL,104432,AA552RS,,oui
COSETRANS SUARL,104433,DK7957AX,,oui
COSETRANS SUARL,104434,AA288RQ,,oui
COSETRANS SUARL,104435,AA574SR,,oui
COSETRANS SUARL,104436,AA572SR,,oui
COSETRANS SUARL,104437,AA570SR,,oui
COSETRANS SUARL,104438,AA485TD,,oui
CRBC,1704,8792TTD1,12000.0,oui
CRBC,30368,5034TTD10,,oui
CRBC,30369,5044TTD1,,oui
CRBC,30370,6001TTD1,7500.0,oui
CRBC,30371,5019TTD1,,oui
CRBC,30372,5072TTD1,,oui
CRBC,30373,0975TTA1,,oui
CRBC,30614,1133TTA1,,oui
CRBC,30744,1131TTA1,,oui
CRBC,30745,1132TTA1,,oui
CRBC,32612,5044TTD10,,oui
CRBC,32613,5085TTD10,,oui
CRBC,32614,5019TTD10,,oui
CRBC,32615,5072TTD10,1000.0,oui
CRBC,32656,1783TTA1,,oui
CRBC,32661,1787TTA1,,oui
CRBC,32662,1792TTA1,,oui
CRBC,32663,1794TTA1,,oui
CRBC,32664,1785TTA1,,oui
CRBC,32665,1786TTA1,3000.0,oui
CRBC,32666,1790TTA1,,oui
CRBC,32667,1788TTA1,,oui
CRBC,32668,1789TTA1,,oui
CRBC,32669,1791TTA1,,oui
CRBC,32670,1782TTA1,,oui
CRBC,32692,1784TTA1,,oui
CRBC,32693,1795TTA1,,oui
CRBC,32695,1134TTA10,,oui
CRBC,33752,1134TTA1,,oui
CRBC,33753,1147TTA1,,oui
CRBC,33754,1148TTA1,,oui
CRBC,33796,1129TTA1,22000.0,oui
CRBC,34471,5098TTD10,,oui
CRBC,34472,5077TTD1,,oui
CRBC,34473,5018TTD10,,oui
CRBC,34474,5086TTD10,,oui
CRBC,34475,5036TTD10,,oui
CRBC,34476,5022TTD10,,oui
CRBC,34477,5087TTD10,,oui
CRBC,34478,5014TTD10,,oui
CRBC,34479,6008TTD10,,oui
CRBC,34480,6004TTD10,,oui
CRBC,34481,0974TTA100,,oui
CRBC,34482,5096TTD10,,oui
CRBC,34483,5034TTD1,,oui
CRBC,34484,5059TTD10,,oui
CRBC,34485,5098TTD1,2000.0,oui
CRBC,35848,1130TTA1,,oui
CRBC,36301,6167TTD1,3000.0,oui
CRBC,36317,6008TTD1,,oui
CRBC,36318,5014TTD1,,oui
CRBC,36319,6012TTD1,,oui
CRBC,36320,5061TTD1,,oui
CRBC,36789,6000TTD1,,oui
CRBC,36791,6162TTD1,,oui
CRBC,36792,5005TTD1,,oui
CRBC,36793,5087TTD1,,oui
CRBC,36794,5039TTD1,,oui
CRBC,36795,5022TTD1,,oui
CRBC,36796,5023TTD1,,oui
CRBC,36797,5091TTD1,,oui
CRBC,36799,0974TTA1,,oui
CRBC,36800,6004TTD1,12500.0,oui
CRBC,64497,AA093NK,,oui
CRBC,69009,1801TTA1,,oui
CRBC,69032,1904TTA1,,oui
CRBC,69042,1902TTA1,4000.0,oui
CRBC,69045,1906TTA1,,oui
CRBC,69051,1842TTA1,,oui
CRBC,69052,1840TTA1,,oui
CRBC,69053,1799TTA1,,oui
CRBC,69054,1844TTA1,,oui
CRBC,69055,1803TTA1,,oui
CRBC,69056,1823TTA1,,oui
CRBC,69057,1800TTA1,,oui
CRBC,69058,1814TTA1,,oui
CRBC,69059,1811TTA1,,oui
CRBC,69060,1804TTA1,,oui
CRBC,69061,1822TTA1,,oui
CRBC,69062,1818TTA1,,oui
CRBC,69064,1815TTA1,,oui
CRBC,69065,1812TTA1,,oui
CRBC,69066,1838TTA1,,oui
CRBC,69067,1819TTA1,,oui
CRBC,69068,1828TTA1,,oui
CRBC,69069,1833TTA1,,oui
CRBC,69070,1843TTA1,,oui
CRBC,69071,1820TTA1,,oui
CRBC,69072,1836TTA1,,oui
CRBC,69073,1824TTA1,,oui
CRBC,69074,1829TTA1,,oui
CRBC,69075,1832TTA1,,oui
CRBC,69076,1817TTA1,,oui
CRBC,69077,1821TTA1,,oui
CRBC,69078,1826TTA1,,oui
CRBC,69079,1830TTA1,,oui
CRBC,69080,1834TTA1,,oui
CRBC,69081,1837TTA1,,oui
CRBC,69082,1841TTA1,,oui
CRBC,64528,1839TTA1,,oui
CRBC,69084,1831TTA1,,oui
CRBC,69085,1835TTA1,,oui
CRBC,69086,1809TTA1,,oui
CRBC,69087,1813TTA1,,oui
CRBC,69088,1825TTA1,,oui
CRBC,69089,1827TTA1,,oui
CRBC,69090,1805TTA1,,oui
CRBC,69091,1807TTA1,,oui
CRBC,69093,1806TTA1,,oui
CRBC,69094,1816TTA1,,oui
CRBC,69095,1810TTA1,,oui
CRBC,69096,1845TTA1,,oui
CRBC,69097,1802TTA1,,oui
CRBC,69098,1846TTA1,,oui
CRBC,69099,1796TTA1,,oui
CRBC,69100,1798TTA1,,oui
CRBC,69130,1908TTA1,,oui
CRBC,69197,1905TTA1,32000.0,oui
CRBC,69332,1793TTA1,,oui
CRBC,69333,1808TTA1,,oui
CRBC,81771,AA397PT,18500.0,oui
CRBC,81773,AA387PT,12000.0,oui
CRBC,83542,AB932BN,12000.0,oui
CRBC,90517,1814TTA1,,oui
CRBC,90518,1802TTA1,,oui
CRBC,90519,1800TTA1,,oui
CRBC,104384,1584TTA1,11500.0,oui
CRBC,118763,AA217SZ,27000.0,non
CRBC,118764,AB802BN,48000.0,non
CMS,31470,DK1807AY,11000.0,oui
CMS,31471,DK3615BH,,oui
CMS,31472,DK5985BA,,oui
CMS,31473,DK5989BA,,oui
CMS,31474,DK8138AY,,oui
CMS,31475,DK3605BH,14500.0,oui
CMS,31476,AA767AC,,oui
CMS,31477,AA842HC,5000.0,oui
CMS,31479,AA983HB,4000.0,oui
CMS,31480,DK6449BF,24000.0,oui
CMS,31734,AA810FJ,,oui
CMS,69010,AA009HC,,oui
CMS,69026,AA011HC,,oui
CMS,69027,AA985HB,,oui
CMS,69137,AA016HC,5000.0,oui
CMS,69576,AA980HB,,oui
CMS,69577,AA808JM,14500.0,oui
CMS,69610,AA973HB,15500.0,oui
CMS,116050,AA987HB,6500.0,non
CMS,116460,AA494SW,51000.0,non
CSE,25811,AA773BC,,oui
CSE,25984,AA794BC,,oui
CSE,25985,AA791BC,22500.0,oui
CSE,25987,AA787BC,73500.0,oui
CSE,25988,AA786BC,,oui
CSE,25989,AA799BC,,oui
CSE,25991,AA778BC,176500.0,oui
CSE,25992,AA777BC,89500.0,oui
CSE,25993,AA768BC,,oui
CSE,25994,AA776BC,142000.0,oui
CSE,25995,AA779BC,26000.0,oui
CSE,25996,AA774BC,72500.0,oui
CSE,25998,AA781BC,137000.0,oui
CSE,25999,AA802BC,152000.0,oui
CSE,26000,AA785BC,122000.0,oui
CSE,69014,AA055JJ,142000.0,oui
CSE,69015,AA054JJ,234500.0,oui
CSE,69017,AA049JJ,131000.0,oui
CSE,69021,AA046JJ,142000.0,oui
CSE,69022,AA047JJ,152000.0,oui
CSE,69023,AA052JJ,104000.0,oui
CSE,69028,AA184HE,183000.0,oui
CSE,69101,AA048JJ,,oui
CSE,69102,AA053JJ,274000.0,oui
CSE,69105,AA051JJ,212000.0,oui
CSE,69209,AA050JJ,31500.0,oui
CSE,69612,AA103KC,205500.0,oui
CSE,69613,AA098KC,52000.0,oui
CSE,69614,AA135KC,246500.0,oui
CSE,69615,AA117KC,155000.0,oui
CSE,69616,AA754KB,101000.0,oui
CSE,69617,AA753KB,108500.0,oui
CSE,69618,AA043KC,13500.0,oui
CSE,69619,AA751KB,157500.0,oui
CSE,69621,AA867LN,152500.0,oui
CSE,69622,AA756KB,156000.0,oui
CSE,69626,AA887LN,182500.0,oui
CSE,69694,AA883LN,211500.0,oui
CSE,69766,AA773BC.,205000.0,oui
CSE,90867,AA867LN0,163000.0,oui
CSE,90869,AA110KC,,oui
CSE,90870,AA895LN0,17500.0,oui
CSE,101640,AA769BC,,oui
CSE,101698,AA789BC,,oui
CSE,104254,AA782BC,57500.0,oui
CSE,109962,AA043KC,43000.0,non
CSE,112661,AA771BC,159500.0,oui
CSE,116017,AA110KC,150000.0,non
CSE,116041,AA048JJ.,36000.0,non
CSE,118740,AA791BC.,,non
CSE,118741,AA768BC.,74000.0,non
CSE,118742,AA769BC.,116500.0,non
CSE,118743,AA789BC.,133000.0,non
CSE,118744,AA048JJ.,13000.0,non
CSE,118745,AA895LN.,21500.0,non
CSE,118746,AA340WD,154000.0,non
CSE,118792,AA783BC,147500.0,non
CSS,3003,DK3049BE,,oui
CSS,3005,DK3048BE,,oui
CSS,3063,AA576GD,,oui
CSS,3064,DK3051BE,,oui
CSS,3115,DK4492BK,,oui
CSS,3116,DK4495BK,,oui
CSS,3187,DK1105AS,,oui
CSS,3189,DK8673AY,,oui
CSS,3199,DK8030BA,,oui
CSS,3202,AA571GD,,oui
CSS,3203,DK1104AS,,oui
CSS,6689,AA152BQ,,oui
CSS,6692,AA144BQ,4000.0,oui
CSS,6693,DK7730AZ,,oui
CSS,12566,DK7085BL0,,oui
CSS,12631,DK4060AZ0,,oui
CSS,12727,DK4492BK0,,oui
CSS,12747,DK1104AS0,,oui
CSS,15097,DK4495BK0,,oui
CSS,15120,DK4058AZ0,,oui
CSS,15121,DK3048BE0,,oui
CSS,15299,DK4062AZ0,,oui
CSS,64374,DK0848BL,,oui
CSS,69535,DK1103AS,,oui
CSS,88232,AA461RC,,oui
CSS,88233,AA454RC,,oui
CSS,88234,AA019QZ,,oui
CSS,88235,AA018QZ,,oui
CSS,88236,AA015QZ,7000.0,oui
CSS,88237,AA009QZ,6000.0,oui
CSS,88238,AA005QZ,21000.0,oui
CSS,90954,AA690SD,,oui
CSS,90957,AA676SD,9000.0,oui
CSS,101750,DK3051BE0,,oui
CSS,101752,DK1105AS0,4000.0,oui
CSS,101753,DK3053BE0,,oui
CSS,101754,DK3052BE0,,oui
CSS,101755,AA904BH,,oui
CSS,101756,DK3049BE0,,oui
CSS,101757,DK4058AZ,,oui
CSS,104318,DK4497BK0,,oui
CSS,104319,DK4491BK0,7000.0,oui
CSS,104320,DK4493BK0,,oui
CSS,104321,AA157BQ,,oui
CSS,104322,AA137BQ,,oui
CSS,106087,DK-4495-BK,,oui
CSS,110005,AA420LE,2000.0,non
CSS,112757,DK3047BE,5000.0,oui
CSS,112758,AA572TJ,5000.0,oui
CSS,112759,AA570TJ,3000.0,oui
DHF,25401,DK1463BC,,oui
DHF,25402,DK1462BC,,oui
DHF,25403,DK9005BL,24000.0,oui
DHF,25407,DK7165BE,12000.0,oui
DHF,25408,DK9239BG,14000.0,oui
DHF,25409,DK9990AZ,12000.0,oui
DHF,25410,DK9238BG,21000.0,oui
DHF,25416,DK9991AZ,22000.0,oui
DHF,25417,DK2033AZ,,oui
DHF,25418,DK2034AZ,9500.0,oui
DHF,25419,DK9984AU,7000.0,oui
DHF,25420,DK2032AZ,,oui
DHF,25421,DK3393AZ,40500.0,oui
DHF,25425,DK8850AU,36500.0,oui
DHF,25426,DK5760BA,44500.0,oui
DHF,25431,DK8849AU,6000.0,oui
DHF,25432,AA011CV,25000.0,oui
DHF,25433,DK8857AU,12000.0,oui
DHF,25434,DK8859AU,,oui
DHF,25435,DK2037AZ,,oui
DHF,25436,DK7945BH,37000.0,oui
DHF,25437,DK3394AZ,61500.0,oui
DHF,25438,DK9411BG,16000.0,oui
DHF,25443,DK7750BM,37000.0,oui
DHF,25444,AA006CV,15000.0,oui
DHF,25445,DK7943BH,56000.0,oui
DHF,25446,DK7748BM,44500.0,oui
DHF,25447,AA119DA,18000.0,oui
DHF,25448,DK7102BK,76000.0,oui
DHF,25449,DK7749BM,79000.0,oui
DHF,25450,DK2031AZ,,oui
DHF,25457,DK7103BK,69000.0,oui
DHF,25471,DK7756BE,25000.0,oui
DHF,25472,AA534AC,10000.0,oui
DHF,25474,DK5198BM,,oui
DHF,25475,DK1462BG,,oui
DHF,25476,AA473AD,12000.0,oui
DHF,25477,DK9735BA,10000.0,oui
DHF,25479,DK2213AL,,oui
DHF,25482,DK2652BE,4000.0,oui
DHF,25483,DK9975AU,,oui
DHF,25484,DK7345BK,35500.0,oui
DHF,25485,DK7164BE,15000.0,oui
DHF,25489,DK7163BE,18000.0,oui
DHF,25490,AA554KR,6000.0,oui
DHF,25491,AA784AK,10000.0,oui
DHF,25492,DK5185BG,12000.0,oui
DHF,25493,AA893CG,18000.0,oui
DHF,25495,DK8791BF,16000.0,oui
DHF,25496,AA537NH,21000.0,oui
DHF,25498,DK5048BH,6000.0,oui
DHF,25507,DK9976AU,,oui
DHF,25508,DK2035AZ,3000.0,oui
DHF,25509,DK9989AU,,oui
DHF,25510,DK5047BH,30000.0,oui
DHF,25511,DK9982AU,,oui
DHF,25521,DK9158BL,9000.0,oui
DHF,25523,DK7747BM,12000.0,oui
DHF,25524,AA380FT,15000.0,oui
DHF,25526,DK8856AU,,oui
DHF,25527,AA210CG,15000.0,oui
DHF,25528,AA969AL,20500.0,oui
DHF,25530,DK8851AU,9000.0,oui
DHF,25531,DK5051BB,38000.0,oui
DHF,25532,DK7161BE,18000.0,oui
DHF,25533,DK1036BK,,oui
DHF,25534,DK5045BH,,oui
DHF,25535,DK8817AS,,oui
DHF,25536,DK9979AU,,oui
DHF,25537,AA539NH0,,oui
DHF,25538,AA543NH,12000.0,oui
DHF,25544,DK7944BH,2000.0,oui
DHF,25550,AA377FT,6000.0,oui
DHF,25557,DK9986AU,8000.0,oui
DHF,25560,AA961DL,13500.0,oui
DHF,25561,AA111DA,27000.0,oui
DHF,25562,DK7746BM,21500.0,oui
DHF,25563,DK0650BH,24500.0,oui
DHF,25565,AA409HF,42500.0,oui
DHF,25566,AA427AN,,oui
DHF,25568,AA291FW,,oui
DHF,25569,DK6506BC,,oui
DHF,25570,AA323AV,43000.0,oui
DHF,25571,AA326AV,,oui
DHF,25572,DK9511AY,,oui
DHF,25573,DK6423BC,19500.0,oui
DHF,25574,DK0740BE,,oui
DHF,25576,DK9408BG,8000.0,oui
DHF,25577,DK0555BA,1500.0,oui
DHF,25578,DK8855AU,,oui
DHF,25579,DK9325BH,,oui
DHF,25580,DK9447BE,,oui
DHF,25581,AA115DA,10000.0,oui
DHF,25582,DK8848AU,,oui
DHF,25583,DK2036AZ,16000.0,oui
DHF,25587,DK9983AU,20000.0,oui
DHF,25589,DK9410BG,,oui
DHF,25590,DK9412BG,,oui
DHF,25591,DK7942BH,6000.0,oui
DHF,25592,DK7427AY,20500.0,oui
DHF,25594,DK9009AP,,oui
DHF,25595,DK8792BF,,oui
DHF,25596,AA324AV,,oui
DHF,25597,DK6427BC,,oui
DHF,25598,DK2619AH,,oui
DHF,25600,DK5049BH,,oui
DHF,25888,AA771BR,10000.0,oui
DHF,25889,AA120DA,6000.0,oui
DHF,25904,AA508BC,6000.0,oui
DHF,25905,AA428BC,18000.0,oui
DHF,25906,AA146BN,,oui
DHF,25908,DK3360AX,,oui
DHF,25909,DK3889AL,,oui
DHF,25910,AA544AR,,oui
DHF,25913,AA609AX,38000.0,oui
DHF,25914,AA606AX,15000.0,oui
DHF,25962,DK2662BB,,oui
DHF,25963,AA913HM,,oui
DHF,25964,AA405CW,,oui
DHF,25967,DK9326BH0,12000.0,oui
DHF,25968,DK8028BA0,3000.0,oui
DHF,33829,AA382DN,,oui
DHF,34811,DK9990AU,21500.0,oui
DHF,35033,DK9977AU,,oui
DHF,37153,AA-120-DW,21000.0,oui
DHF,37199,AA121DW,21000.0,oui
DHF,37971,AA341GA,3000.0,oui
DHF,38088,DK1245AP,2000.0,oui
DHF,64007,AA310LC,12000.0,oui
DHF,64008,AA826LH,13000.0,oui
DHF,64009,AA190JF,6000.0,oui
DHF,64010,AA436FT,13500.0,oui
DHF,64011,AA927FZ,21000.0,oui
DHF,64036,DK8818AS,,oui
DHF,64114,AA148JY,25000.0,oui
DHF,64116,AA252NY,9000.0,oui
DHF,64198,AA258LS,9000.0,oui
DHF,64230,DK1461BC,11000.0,oui
DHF,64411,AA621MG,54000.0,oui
DHF,64413,AA677MW,15500.0,oui
DHF,64437,AA145JY,20500.0,oui
DHF,64449,AA814LH,,oui
DHF,64475,AA622MG,,oui
DHF,64476,AA828LW,48000.0,oui
DHF,64514,DK3429BG,6000.0,oui
DHF,64515,AA191JK,18000.0,oui
DHF,64536,AA962PW,,oui
DHF,64537,AA264NJ,24000.0,oui
DHF,64539,AA535NH,15000.0,oui
DHF,64559,AA559EP,24000.0,oui
DHF,64589,AA255NJ,18000.0,oui
DHF,64590,AA268NJ,24000.0,oui
DHF,64591,AA153JY,30500.0,oui
DHF,64592,AA390BD,34000.0,oui
DHF,64593,AA262NJ,21000.0,oui
DHF,64594,AA062PA,21000.0,oui
DHF,64595,AA539NH,17000.0,oui
DHF,69029,DK2619AH0,2000.0,oui
DHF,69030,DK7427AY0,,oui
DHF,69034,DK1499BM,4500.0,oui
DHF,69035,AA779BR,3000.0,oui
DHF,69036,AA638CP,13500.0,oui
DHF,69127,AA327AV,,oui
DHF,69128, AA406HF,18000.0,oui
DHF,69133,AA945DA,18000.0,oui
DHF,69181,AA897FZ,49000.0,oui
DHF,69186,AA898FZ,50000.0,oui
DHF,69189,AA083FG,2000.0,oui
DHF,69679,AA099KW,,oui
DHF,69751,AA378FT,34000.0,oui
DHF,69753,AA379FT,21000.0,oui
DHF,69754,AA100KW,10000.0,oui
DHF,69761,AA621GR,,oui
DHF,69762,AA618GR,6000.0,oui
DHF,69861,DK7688AU,,oui
DHF,69954,AA027KD0,,oui
DHF,69975,DK9985AU0,19000.0,oui
DHF,69976,AA426AN,,oui
DHF,88215,AA 539 NH,,oui
DHF,88245,AA616AX,21000.0,oui
DHF,90737,DK9409BG,6000.0,non
DHF,90880,DK9980AU,,oui
DHF,90881,AA407SL,,oui
DHF,90882,AA072SN,39500.0,oui
DHF,100780,AA608PP,28000.0,oui
DHF,101636,DK3392AZ,40000.0,oui
DHF,101637,AA675VD,15000.0,oui
DHF,104020,DK0460BE,11000.0,oui
DHF,104031,AA369EJ,36000.0,oui
DHF,104032,AA524NV,,oui
DHF,104033,AA885LE,48000.0,oui
DHF,104034,AA255HW,,oui
DHF,104035,AA372EJ,52000.0,oui
DHF,104036,AA371EJ,,oui
DHF,104037,AA184LS,,oui
DHF,104038,AA178LJ,20000.0,oui
DHF,104039,AA919LE,,oui
DHF,104040,AA888LE,56000.0,oui
DHF,104041,AA373EJ,24000.0,oui
DHF,104042,AA370EJ,6000.0,oui
DHF,104043,AA596DZ,,oui
DHF,104045,AA253MS,62000.0,oui
DHF,104082,AA263MS,46000.0,oui
DHF,104084,AA748MY,12000.0,oui
DHF,104203,AA688WG,24000.0,oui
DHF,104210,AA886VZ,11000.0,oui
DHF,104211,AA890VZ,40500.0,oui
DHF,104393,AA855VJ,12000.0,oui
DHF,104394,AA998RD,22000.0,oui
DHF,104395,AA987RD0,12000.0,oui
DHF,104263,AA273WH,24000.0,oui
DHF,106072,AA612AX,18000.0,oui
DHF,109963,AB132CF,19500.0,non
DHF,109964,AA172CJ,73000.0,non
DHF,109965,AA037TN,34000.0,non
DHF,109966,AB869CH,41000.0,non
DHF,112641,DK1463BC,14000.0,oui
DHF,112667,AA217GG0,1500.0,oui
DHF,112673,AA233JL,4000.0,oui
DHF,112761,AA995RD,12000.0,non
DHF,112762,AA624YH,7000.0,non
DHF,112763,AA985RD,15000.0,non
DHF,112764,AA981RD,,non
DHF,112765,AA278RF,15000.0,non
DHF,113512,AA091XS,36000.0,non
DHF,116461,AA865DA,,non
DHF,116462,AA255HW,,non
DHF,113513,AA087XS,14000.0,non
DHF,118808,AA291FW,31500.0,non
DAKAR CATERING,100727,AA547AL,22500.0,oui
DAKAR CATERING,100728,AA666BM0,43000.0,oui
DAKAR CATERING,100729,AA126LR0,,oui
DAKAR CATERING,100730,AA649ED0,19000.0,oui
DAKAR CATERING,100731,AA278PV,35000.0,oui
DAKAR CATERING,100744,AA617NL0,45500.0,oui
DDC,104007,AA335WH,50000.0,oui
DDC,104008,AA316WH,91000.0,oui
DDC,104274,AA324WH,73000.0,oui
DDC,104278,AA402WG,1000.0,oui
DDC,104280,AA304WG,35000.0,oui
DDC,104281,AA409WG,6000.0,oui
DDC,104282,AA991WE,46500.0,oui
DDC,104283,AA301WG,38000.0,oui
DDC,104284,AA280WG,2000.0,oui
DDC,106011,AA965XV,44000.0,oui
DDC,106012,AA968XV,32500.0,oui
DDC,106093,AA436YR,123500.0,oui
DDC,106095,AA661YN,8000.0,oui
DDC,112756,AA414HY,53500.0,oui
DDC,113552,AA810ZK,44000.0,non
DDD,25422,7904,,oui
DDD,25427,7911,,oui
DDD,25545,7906,,oui
DDD,25604,7734,,oui
DDD,25605,7735,,oui
DDD,25606,7736,,oui
DDD,25612,7716,,oui
DDD,25613,7718,,oui
DDD,25614,7719,,oui
DDD,25617,7709,,oui
DDD,25618,7708,3000.0,oui
DDD,25620,7706,,non
DDD,25623,9711,,oui
DDD,25629,9714,,oui
DDD,25633,9728,,oui
DDD,25635,9730,,oui
DDD,25636,9721,,non
DDD,25638,9723,,oui
DDD,25641,9706,,oui
DDD,25645,9710,,oui
DDD,25649,9702,,non
DDD,25651,DK3404AR,,oui
DDD,25652,DK3403AR,,oui
DDD,25654,1506,,oui
DDD,25655,DK7447P,,oui
DDD,25656,DK9546BE ,,oui
DDD,25658,1513,,oui
DDD,25659,1512,,oui
DDD,25666,7725,,non
DDD,25673,7703,,oui
DDD,25679,7712,,oui
DDD,25684,2711,8500.0,oui
DDD,25697,27010,,oui
DDD,25703,15130,,oui
DDD,25712,2787,,oui
DDD,25721,2775,,oui
DDD,25739,2762,,oui
DDD,25742,2797,,oui
DDD,25765,2732,,oui
DDD,25769,2736,,oui
DDD,25771,2715,,oui
DDD,25772,2714,,oui
DDD,25773,2713,,oui
DDD,25774,2712,,oui
DDD,25779,2728,,oui
DDD,25780,2729,,oui
DDD,25785,2716,,oui
DDD,25786,2717,,oui
DDD,25787,2718,,oui
DDD,25788,2719,,oui
DDD,25789,2720,,oui
DDD,25790,2721,,oui
DDD,69211,9749,,oui
DDD,69212,9750,,oui
DDD,69213,9751,,oui
DDD,69214,9752,,oui
DDD,69215,9753,,oui
DDD,69220,9748,,oui
DDD,69221,9760,,oui
DDD,69222,9761,,oui
DDD,69223,9762,,oui
DDD,69224,9754,,oui
DDD,69225,AA101DG,,oui
DDD,69226,9755,,oui
DDD,69227,9756,,oui
DDD,69228,9757,,oui
DDD,69229,9758,,oui
DDD,69230,9759,,oui
DDD,69231,9736,,oui
DDD,69232,9737,,oui
DDD,69233,9738,,oui
DDD,69234,9740,,oui
DDD,69235,9739,,oui
DDD,69236,9731,,oui
DDD,69237,9732,,oui
DDD,69238,9733,,oui
DDD,69239,9734,,oui
DDD,69240,9735,,oui
DDD,69241,9745,,oui
DDD,69242,9744,,oui
DDD,69243,9743,,oui
DDD,69244,9742,,oui
DDD,69245,9741,,oui
DDD,69249,9747,,oui
DDD,69250,9746,,oui
DDD,69275,9763,,oui
DDD,69287,DK9545BE,,oui
DDD,112766,6050,,non
DDD,112767,6049,18000.0,non
DDD,112768,6047,12000.0,non
DDD,112769,6046,,non
DDD,112770,6044,,non
DDD,112771,6043,6000.0,non
DDD,112772,6041,14000.0,non
DDD,112773,6040,12000.0,non
DDD,112774,6039,6000.0,non
DDD,112775,6038,12000.0,non
DDD,112776,6037,6000.0,non
DDD,112777,6036,6000.0,non
DDD,112778,6035,6000.0,non
DDD,112779,6034,12000.0,non
DDD,112780,6033,6000.0,non
DDD,112781,6032.,6000.0,non
DDD,112782,6031,6000.0,non
DDD,112783,6029,14000.0,non
DDD,112784,6028,6000.0,non
DDD,112785,6027,6000.0,non
DDD,112786,6026,,non
DDD,112787,6024,6000.0,non
DDD,112788,6023,12000.0,non
DDD,112789,6022,,non
DDD,112790,6021,,non
DDD,112791,6020,6000.0,non
DDD,112792,6019,6000.0,non
DDD,112793,6018,,non
DDD,112794,6017,,non
DDD,112795,6016,18000.0,non
DDD,112796,6015,,non
DDD,112797,6014,6000.0,non
DDD,112798,6013,,non
DDD,112799,6012,6000.0,non
DDD,112800,6011,6000.0,non
DDD,112801,6010,,non
DDD,112802,6009,6000.0,non
DDD,112803,6008,12000.0,non
DDD,112804,6007,,non
DDD,112805,6006,,non
DDD,112806,6005,12000.0,non
DDD,112807,6004,6000.0,non
DDD,112808,6003,,non
DDD,112809,6002,6000.0,non
DDD,112810,6001,3000.0,non
DDD,113511,6056,6000.0,non
DDD,116221,6702,87500.0,non
DDD,116224,6705,,non
DDD,116225,6730,54500.0,non
DDD,116226,6731,81000.0,non
DDD,116227,6732,,non
DDD,116228,6733,88000.0,non
DDD,116229,6734,85500.0,non
DDD,116230,6735,2000.0,non
DDD,116231,6736,45000.0,non
DDD,116232,6737,28500.0,non
DDD,116233,6738,113500.0,non
DDD,116234,6739,20000.0,non
DDD,116235,6740,60000.0,non
DDD,116236,6741,114000.0,non
DDD,116237,6742,39500.0,non
DDD,116238,6743,95000.0,non
DDD,116239,6703,,non
DDD,116240,6704,134000.0,non
DDD,116241,6701,268000.0,non
DDD,116242,6729,98000.0,non
DDD,116243,6728,82500.0,non
DDD,116244,6727,101000.0,non
DDD,116245,6726,110000.0,non
DDD,116246,6725.,66000.0,non
DDD,116247,6724,74000.0,non
DDD,116248,6723,39000.0,non
DDD,116249,6722,6000.0,non
DDD,116250,6721,19000.0,non
DDD,116251,6720,131000.0,non
DDD,116252,6719,151000.0,non
DDD,116253,6718,180500.0,non
DDD,116254,6717,,non
DDD,116255,6716,151000.0,non
DDD,116256,6715,78000.0,non
DDD,116257,6714,116000.0,non
DDD,116258,6713,183500.0,non
DDD,116259,6712,83500.0,non
DDD,116260,6711,62500.0,non
DDD,116261,6710,236500.0,non
DDD,116262,6709,39500.0,non
DDD,116263,6708,248000.0,non
DDD,116264,6707.,,non
DDD,116265,6706,48000.0,non
DDD,116416,6744,56500.0,non
DDD,116417,6745,91500.0,non
DDD,116418,6746,86000.0,non
DDD,116419,6747,,non
DDD,116420,6748,75000.0,non
DDD,116421,6749,68500.0,non
DDD,116422,6750,105500.0,non
DDD,116423,6751,125500.0,non
DDD,116424,6752,19000.0,non
DDD,116425,6753,61000.0,non
DDD,116426,6754,12000.0,non
DDD,116427,6755,95500.0,non
DDD,116428,6756,17500.0,non
DDD,116429,6757,49500.0,non
DDD,116430,6758.,80000.0,non
DDD,116431,6759,,non
DDD,116432,6760,110500.0,non
DDD,116433,6761,118000.0,non
DDD,116434,6762,75500.0,non
DDD,116435,6763,91500.0,non
DDD,116436,6764,52000.0,non
DDD,116437,6765,117000.0,non
DDD,116438,6766,59000.0,non
DDD,116439,6767,89000.0,non
DDD,116440,6768,108500.0,non
DDD,116441,6769,,non
DDD,116442,6770,56000.0,non
DDD,116443,6771,42000.0,non
DDD,116444,6772.,73500.0,non
DDD,116445,6773,64500.0,non
DDD,116446,6774,89000.0,non
DDD,116447,6775,92000.0,non
DDD,116449,6776,51000.0,non
DDD,116450,6777,57000.0,non
DDD,118519,6293,12000.0,non
DDD,118520,6292,6000.0,non
DDD,118521,6290,,non
DDD,118522,6287,12000.0,non
DDD,118523,6286,6000.0,non
DDD,118524,6283,12000.0,non
DDD,118525,6281,,non
DDD,118526,6280,9000.0,non
DDD,118527,6278,,non
DDD,118528,6277,6000.0,non
DDD,118529,6276,12000.0,non
DDD,118530,6275,12000.0,non
DDD,118531,6274,,non
DDD,118532,6273,6000.0,non
DDD,118533,6271,8000.0,non
DDD,118534,6270,,non
DDD,118535,6268,,non
DDD,118536,6267,,non
DDD,118537,6263,6000.0,non
DDD,118538,6261,6000.0,non
DDD,118539,6260,12000.0,non
DDD,118540,6259,6000.0,non
DDD,118541,6258,6000.0,non
DDD,118542,6255.,,non
DDD,118543,6254,18000.0,non
DDD,118544,6253,16500.0,non
DDD,118545,6252,12000.0,non
DDD,118546,6251,,non
DDD,118547,6250,6000.0,non
DDD,118548,6249,6000.0,non
DDD,118549,6248,,non
DDD,118550,6246,6000.0,non
DDD,118551,6245,,non
DDD,118552,6244,24000.0,non
DDD,118553,6243,24000.0,non
DDD,118554,6241,,non
DDD,118555,6240,28000.0,non
DDD,118556,6237,6000.0,non
DDD,118557,6236,6000.0,non
DDD,118558,6234,,non
DDD,118559,6233,,non
DDD,118560,6232,116000.0,non
DDD,118561,6230,12000.0,non
DDD,118562,6228,6000.0,non
DDD,118563,6227,12000.0,non
DDD,118564,6225,8000.0,non
DDD,118565,6226,24000.0,non
DDD,118566,6222,,non
DDD,118567,6221,,non
DDD,118568,6220,6000.0,non
DDD,118569,6219,2000.0,non
DDD,118570,6218,,non
DDD,118571,6217,70000.0,non
DDD,118572,6216,,non
DDD,118573,6215,12000.0,non
DDD,118574,6214,6000.0,non
DDD,118575,6213,6000.0,non
DDD,118576,6212,6000.0,non
DDD,118577,6211,6000.0,non
DDD,118578,6210,6000.0,non
DDD,118579,6209,,non
DDD,118580,6207,18000.0,non
DDD,118581,6206,124000.0,non
DDD,118582,6205,2000.0,non
DDD,118583,6204,6000.0,non
DDD,118584,6203,,non
DDD,118585,6202,,non
DDD,118586,6201,,non
DDD,118587,6200,12000.0,non
DDD,118588,6199,10500.0,non
DDD,118589,6198,,non
DDD,118590,6197,4500.0,non
DDD,118591,6196,3000.0,non
DDD,118592,6195,,non
DDD,118593,6193,6000.0,non
DDD,118594,6194,,non
DDD,118595,6192,8000.0,non
DDD,118596,6191,6000.0,non
DDD,118597,6176,,non
DDD,118598,6177,4000.0,non
DDD,118599,6181,6000.0,non
DDD,118600,6178,6000.0,non
DDD,118601,6182,,non
DDD,118602,6186,,non
DDD,118603,6183,24000.0,non
DDD,118604,6187,9000.0,non
DDD,118605,6188,12000.0,non
DDD,118606,6190,,non
DDD,118607,6175,6000.0,non
DDD,118608,6224,6000.0,non
DDD,118609,6223,12000.0,non
DDD,118610,6173,,non
DDD,118612,6172,,non
DDD,118613,6171,12000.0,non
DDD,118614,6170,13500.0,non
DDD,118615,6169,6000.0,non
DDD,118616,6167,,non
DDD,118617,6166,2000.0,non
DDD,118618,6165,12000.0,non
DDD,118619,6164,18000.0,non
DDD,118620,6163,13000.0,non
DDD,118621,6162,18000.0,non
DDD,118622,6161,,non
DDD,118623,6160,6000.0,non
DDD,118624,6159,,non
DDD,118625,6158,,non
DDD,118626,6157,8000.0,non
DDD,118627,6155,20000.0,non
DDD,118628,6154,4500.0,non
DDD,118629,6153,,non
DDD,118630,6152,,non
DDD,118631,6151,,non
DDD,118632,6150,18000.0,non
DDD,118633,6149,18000.0,non
DDD,118634,6147,,non
DDD,118635,6144,,non
DDD,118636,6143,16500.0,non
DDD,118637,6142,6000.0,non
DDD,118638,6141,12000.0,non
DDD,118639,6140,,non
DDD,118640,6139,8000.0,non
DDD,118641,6137,6000.0,non
DDD,118642,6136,,non
DDD,118643,6135,,non
DDD,118644,6134,,non
DDD,118645,6133,24000.0,non
DDD,118646,6132,12000.0,non
DDD,118647,6131,6000.0,non
DDD,118648,6130,12000.0,non
DDD,118649,6129,,non
DDD,118650,6128,6000.0,non
DDD,118651,6125,,non
DDD,118652,6124,,non
DDD,118653,6123,12000.0,non
DDD,118654,6122,6000.0,non
DDD,118655,6121,6000.0,non
DDD,118656,6119,12000.0,non
DDD,118657,6118,13500.0,non
DDD,118658,6117,6000.0,non
DDD,118659,6116,6000.0,non
DDD,118660,6114,6000.0,non
DDD,118661,6113,9000.0,non
DDD,118662,6112,84000.0,non
DDD,118663,6111,12000.0,non
DDD,118664,6110,12000.0,non
DDD,118665,6109,12000.0,non
DDD,118666,6108,6000.0,non
DDD,118667,6107,6000.0,non
DDD,118668,6106,,non
DDD,118669,6105,10500.0,non
DDD,118670,6104,,non
DDD,118671,6103,48000.0,non
DDD,118672,6102,2000.0,non
DDD,118673,6101,2000.0,non
DDD,118674,6100,6000.0,non
DDD,118675,6099.,12000.0,non
DDD,118676,6098,,non
DDD,118677,6097,,non
DDD,118678,6096,,non
DDD,118679,6094,,non
DDD,118680,6092,18000.0,non
DDD,118681,6090,,non
DDD,118682,6089,12000.0,non
DDD,118683,6088,,non
DDD,118684,6087,6000.0,non
DDD,118685,6086,,non
DDD,118686,6085,6000.0,non
DDD,118687,6084,6000.0,non
DDD,118688,6083,12000.0,non
DDD,118689,6082,12000.0,non
DDD,118690,6081,,non
DDD,118691,6080,14000.0,non
DDD,118692,6077,12000.0,non
DDD,118693,6076,6000.0,non
DDD,118694,6075,12000.0,non
DDD,118695,6074,6000.0,non
DDD,118696,6073,,non
DDD,118697,6072,,non
DDD,118698,6071,12000.0,non
DDD,118699,6070,,non
DDD,118700,6069,,non
DDD,118701,6068,6000.0,non
DDD,118702,6067,14000.0,non
DDD,118703,6066,,non
DDD,118704,6065,6000.0,non
DDD,118705,6064,18000.0,non
DDD,118706,6063,,non
DDD,118707,6062,,non
DDD,118708,6061,6000.0,non
DDD,118709,6060,,non
DDD,118710,6059,3000.0,non
DDD,118711,6058,,non
DDD,118712,6055,,non
DDD,118713,6054,,non
DDD,118714,6053,,non
DDD,118715,6051,14000.0,non
DDD,118517,1511,2500.0,non
DDD,118518,AA108DG,2000.0,non
DDD,118716,1518,2000.0,non
DDD,118717,1517,4000.0,non
DDD,118718,4003,,non
DDD,118813,1506.,6000.0,non
DDD,118814,4002,36500.0,non
DAKAR VISION,64150,DK1275AT,3000.0,oui
DAKAR VISION,64151,DK2844BF,,oui
DAKAR VISION,64152,DK0539BF,10500.0,oui
DAKAR VISION,64154,DK5957BF,1500.0,oui
DAKAR VISION,64155,DK2822BF,,oui
DAKAR VISION,64157,DK8333BL,,oui
DAKAR VISION,64158,DK8332BL,,oui
DAKAR VISION,69111,DK5411BK,30500.0,oui
DAKAR VISION,69113, AA492BB,68000.0,oui
DAKAR VISION,69114,AA490BB,62000.0,oui
DAKAR VISION,69115,AA489BB,,oui
DAKAR VISION,69116,AA489LP,,oui
DAKAR VISION,69118,DK5367BK,,oui
DAKAR VISION,69119,DK0599EX,,oui
DAKAR VISION,69120,DK4823AR,12000.0,oui
DAKAR VISION,69122,AA-285-HP,,oui
DAKAR VISION,69146,DK5409BK,11500.0,oui
DAKAR VISION,104309,DK8334BL,45500.0,oui
DAKAR VISION,104310,DK2821BF,24000.0,oui
DAKAR VISION,104311,DK9376BC,,oui
DAKAR VISION,104312,AA168AY,,oui
DAKAR VISION,104313,AA721SV,,oui
DAKAR VISION,104316,AA905LR,14000.0,oui
DAKAR VISION,104317,1225EX,22500.0,oui
DER,6613,DK8306BM,,oui
DER,12387,DK8305BM,,oui
DER,25882,DK6804BH,5000.0,oui
DER,25884,DK7907BL0,,oui
DER,25885,DK8145BM0,,oui
DER,25886,AA128GB0,19500.0,oui
DER,25887,DK8131BM0,,oui
DER,25917,DK2689BD0,,oui
DER,25919,DK8131BM,,oui
DER,25920,DK7907BL,,oui
DER,25922,DK9051BH,,oui
DER,25924,DK5841BH,,oui
DER,25925,DK5837BH,,oui
DER,25926,DK5836BH,,oui
DER,26753,DK5836BH0,,oui
DER,26755,DK5835BH0,,oui
DER,28165,AD30047,,oui
DER,29696,DK8304BM,,oui
DER,29746,AD0741,12000.0,oui
DER,29767,DK8130BM0,,oui
DER,69624,AD07420,32500.0,oui
DER,69638,AA579JW,15000.0,oui
DER,69642,DK5835BH,,oui
DER,69644,AA128GB0,27500.0,oui
DER,69649,DK8304BM0,17000.0,oui
DER,69672,AD07400,5000.0,oui
DER,69676,DK8145BM,5500.0,oui
DER,80995,DK8303BM,,oui
DER,104369,AA548JW,,oui
DER,104379,AA340JY,9000.0,oui
DER,104401,AA578JW,7000.0,oui
DER,104402,AA791NC,20500.0,oui
DER,104491,AA789NC,12000.0,oui
DER,104492,AA063MK,15000.0,oui
DER,104493,DK8306BM0,,oui
DER,104496,AA062MK,,oui
DER,104497,DK8305BM0,,oui
DER,104498,DK5840BH0,17000.0,oui
DER,104499,DK9059BH,16000.0,oui
DER,104500,AA653MM,1000.0,oui
DER,109506,DK5837BH0,26000.0,non
DER,112008,DK5841BH0,9500.0,non
DER,112010,AA019YY,27500.0,non
DER,112651,DK5836BH.,7000.0,oui
DER,109946,DK5842BH0,11000.0,non
DMC SENEGAL,15046,AA746BZ,,oui
DMC SENEGAL,21898,DK7437BG,,oui
DMC SENEGAL,25846,AA719BE,,oui
DMC SENEGAL,25876,DK9870BE,,oui
DMC SENEGAL,64228,AA748BZ,15500.0,oui
DMC SENEGAL,69199,AA012FN,6500.0,oui
DMC SENEGAL,69364,AA881FE,,oui
DMC SENEGAL,103564,DK9915AT,2000.0,oui
DMC SENEGAL,103565,AA327MQ,1000.0,oui
DMC SENEGAL,103566,AA006BB,4000.0,oui
DMC SENEGAL,103567,AA863KR,5500.0,oui
DMC SENEGAL,103568,AA901KR,,oui
DMC SENEGAL,103569,DK9871BE00,6000.0,oui
DMC SENEGAL,103594,AA881FE,,oui
DMC SENEGAL,103595,AA359BG,59500.0,oui
DMC SENEGAL,103596,DK3596BH,,oui
DMC SENEGAL,103597,AA326EK,,oui
DMC SENEGAL,103598,DK6035BC,,oui
DMC SENEGAL,103599,AA779AG,6000.0,oui
DMC SENEGAL,104422,AA515JG,2500.0,oui
EIFFAGE ENERGIE,64358,AA300ML,,oui
EIFFAGE ENERGIE,64359,AA291ML,,oui
EIFFAGE ENERGIE,64399,AA469HHF,,oui
EIFFAGE ENERGIE,64400,AA107MW,4000.0,oui
EIFFAGE ENERGIE,64406,AA816JN,12000.0,oui
EIFFAGE ENERGIE,64447,AA-037-HY,,oui
EIFFAGE ENERGIE,69301,AA799GV,4000.0,oui
EIFFAGE ENERGIE,69302,AA820GF0,3000.0,oui
EIFFAGE ENERGIE,69303,AA868HZ0,,oui
EIFFAGE ENERGIE,69304,AA562GS,1500.0,oui
EIFFAGE ENERGIE,69308,DK5859AR,,oui
EIFFAGE ENERGIE,69309,AA035HY,,oui
EIFFAGE ENERGIE,69310,AA339GX,33000.0,oui
EIFFAGE ENERGIE,69509,AA560GS0,7000.0,oui
EIFFAGE ENERGIE,69511,AA372EW0,12000.0,oui
EIFFAGE ENERGIE,69512,AA566GS0,,oui
EIFFAGE ENERGIE,69513,DK9730BC0,,oui
EIFFAGE ENERGIE,69593,DK8202BC0,,oui
EIFFAGE ENERGIE,69594,AA502AW0,12000.0,oui
EIFFAGE ENERGIE,69596,AA583BG0,,oui
EIFFAGE ENERGIE,69598,AA059GT,,oui
EIFFAGE ENERGIE,69599,AA189GG0,46500.0,oui
EIFFAGE ENERGIE,69600,DK1715AX0,,oui
EIFFAGE ENERGIE,69864,AA435LX,2000.0,oui
EIFFAGE ENERGIE,90913,4755TTA1,,oui
EIFFAGE ENERGIE,90956,AA426LD,,oui
EIFFAGE ENERGIE,104009,AA035HY,49500.0,non
EIFFAGE ENERGIE,104029,3009TTA1,4000.0,non
EIFFAGE ENERGIE,109976,AA941MN,47500.0,non
EIFFAGE ENERGIE,109990,AA625BJ,70500.0,non
EIFFAGE ENERGIE,113564,AA397EW0,,non
EMN,69804,TH9580D,,oui
EMN,69993,TH9596D,,oui
EMN,101781,TH9579D,58500.0,oui
EMN,101782,TH9583D,139500.0,oui
EMN,101783,TH9581D,15500.0,oui
EMN,101784,TH9587D,35000.0,oui
EMN,101786,TH9599D0,17500.0,oui
EMN,101787,TH9577D,29000.0,oui
EMN,101788,TH9597D,36000.0,oui
EMN,101789,TH9576D,,oui
EMN,101790,TH9578D,8500.0,oui
EMN,101791,TH9582D,149500.0,oui
EMN,103162,TH9586D,,oui
EMN,103163,TH9600D,138000.0,oui
EMN,103164,TH9594D,38500.0,oui
EMN,103165,TH8316D,136000.0,oui
EMN,103166,TH9585D,149000.0,oui
EMN,103167,TH9588D,128500.0,oui
EMN,103168,TH6794D,136000.0,oui
EMN,103169,TH9590D,11500.0,oui
EMN,103170,TH9591D,146000.0,oui
EMN,103171,TH9598D,40000.0,oui
EMN,103172,TH9595D,45500.0,oui
EMN,103173,TH9584D,15500.0,oui
EMN,103174,TH0914E,143500.0,oui
EMN,103175,TH9565D,142000.0,oui
EMN,103600,TH8315D,146000.0,oui
EMN,105801,2766EX,146500.0,oui
EMN,113529,EX9600D,,non
EMN,113530,AA328MT,,non
EMN,113531,TH9593D,,non
EMN,113532,AA9565D,,non
EMN,113551,AA436YL,,non
EIFFAGE RAIL SENEGAL,30344,8857TTD1,,oui
EIFFAGE RAIL SENEGAL,32638,8920TTD1,,oui
EIFFAGE RAIL SENEGAL,32639,9022TTD1,,oui
EIFFAGE RAIL SENEGAL,32640,8862TTD1,,oui
EIFFAGE RAIL SENEGAL,32648,7776TTD1,,oui
EIFFAGE RAIL SENEGAL,38003,8947TTD10,,oui
EIFFAGE RAIL SENEGAL,38261,8727TTD1,,oui
EIFFAGE RAIL SENEGAL,64225,9006TTD1,,oui
EIFFAGE RAIL SENEGAL,64345,7772TTD1,,oui
EIFFAGE RAIL SENEGAL,64346,8814TTD1,,oui
EIFFAGE RAIL SENEGAL,64435,2352TTD1,,oui
EIFFAGE RAIL SENEGAL,69254,8483TTD1,,oui
EIFFAGE RAIL SENEGAL,69689,8058TTD1,,oui
EIFFAGE RAIL SENEGAL,69690,8059TTD1,,oui
EIFFAGE RAIL SENEGAL,69698,7568ttd1,,oui
EIFFAGE RAIL SENEGAL,81781,8059TTD1,,oui
EIFFAGE RAIL SENEGAL,90888,8275TTD1.,,oui
EIFFAGE RAIL SENEGAL,90893,8311TTD1.,,oui
EIFFAGE RAIL SENEGAL,90900,8311TTD10,,oui
EIFFAGE RAIL SENEGAL,101758,AA487HQ0,,non
EIFFAGE RAIL SENEGAL,103358,7776TTD10,4000.0,non
EIFFAGE RAIL SENEGAL,103359,7565TTD1,,non
EIFFAGE RAIL SENEGAL,103360,7778TTD1,,non
EIFFAGE RAIL SENEGAL,103361,7755TTD10,40000.0,non
EIFFAGE RAIL SENEGAL,103362,8717TTD1,4500.0,non
EIFFAGE RAIL SENEGAL,103363,7786TTD1,,non
EIFFAGE RAIL SENEGAL,103364,8484TTD10,46000.0,non
EIFFAGE RAIL SENEGAL,103365,AA223WN,79000.0,non
EIFFAGE RAIL SENEGAL,103366,7736TTD1,,non
EIFFAGE RAIL SENEGAL,103367,8803TTD1,,non
EIFFAGE RAIL SENEGAL,103368,8713TTD10,,non
EIFFAGE RAIL SENEGAL,103369,8255TTD1,70500.0,non
EIFFAGE RAIL SENEGAL,104404,AA526JD,,non
EIFFAGE RAIL SENEGAL,104495,8697TTD1,34500.0,non
EIFFAGE RAIL SENEGAL,112666,7742TTD1,,non
EESSS,91044,4002TTA1,,oui
EESSS,91045,AA552TK,36000.0,oui
EESSS,91046,4003TTA1,66000.0,oui
EESSS,91047,3989TTA1,22500.0,oui
EESSS,91048,4004TTA1,,oui
EESSS,91049,3990TTA1,4000.0,oui
EESSS,91050,4016TTA1,2000.0,oui
EESSS,64523,3996TTA1,,oui
EESSS,64524,4010TTA1,,oui
EESSS,64525,4013TTA1,6000.0,oui
EESSS,64527,4011TTA1,2000.0,oui
EESSS,64549,4006TTA1,58000.0,oui
EESSS,64821,4001 TTA1,33000.0,oui
EESSS,87912,4009TTA1,25000.0,oui
EESSS,90910,4012TTA1,5000.0,oui
EESSS,90911,3995TTA1,,oui
EESSS,90912,4015TTA1,2000.0,oui
EESSS,90820,4014TTA1,,oui
EESSS,90821,4007TTA1,2000.0,oui
EESSS,90822,4003TTA1,21500.0,oui
EESSS,90823,4017TTA1,14000.0,oui
EESSS,90824,AA131SE,5000.0,oui
EESSS,90825,4005TTA1,16500.0,oui
EESSS,109987,3997TTA1,8500.0,non
EESSS,112748,3998TTA1,59000.0,non
EESSS,113556,4002TTA1,6000.0,non
ENABEL DAKAR,103504,4728TTA10,13500.0,oui
ENABEL DAKAR,103505,4727TTA10,24000.0,oui
ENABEL DAKAR,104228,AA620LE0,20000.0,oui
ENABEL DAKAR,104229,4270TTA10,,oui
ENABEL DAKAR,104230,007IT2840,,oui
ENABEL DAKAR,104231,007IT2680,,oui
ENABEL DAKAR,104232,AA618LE0,12000.0,oui
ENABEL DAKAR,104252,007IT316,8000.0,oui
ENABEL KAOLAK,103506,AA858AX0,16000.0,oui
ENABEL KAOLAK,103507,AA856AX0,5500.0,oui
ENABEL KAOLAK,103508,007IT2460,,oui
ENABEL KAOLAK,103509,AA622LE0,20500.0,oui
ENABEL KAOLAK,103510,4275TTA1,,oui
ENABEL KAOLAK,103511,4273TTA1,19500.0,oui
ENABEL KAOLAK,103512,4272TTA1,,oui
ENABEL KAOLAK,103513,AA626LE0,16500.0,oui
ENABEL KAOLAK,103515,AA613BV0,18000.0,oui
ENABEL KAOLAK,103516,4731TTA10,13500.0,oui
ENABEL KAOLAK,103517,4730TTA10,25000.0,oui
ENABEL KAOLAK,103518,4729TTA10,8000.0,oui
EOLIS,12264,SL6855B,,oui
EOLIS,15060,SL6605B,,oui
EOLIS,15061,SL1935C,,oui
EOLIS,15063,SL6495B,,oui
EOLIS,15070,AA629KZ,,oui
EOLIS,15111,SL6499B,,oui
EOLIS,15158,SL6497B,,oui
EOLIS,37297,SL6495B0,,oui
EOLIS,37975,DK8805BH,,oui
EOLIS,90829,AA345LW,5000.0,oui
EOLIS,90766,AA629KZ,4000.0,oui
EOLIS,101777,AA479KW,,oui
EOLIS,101778,AA631KZ,,oui
EOLIS,101779,AA198LC,9000.0,oui
EOLIS,101780,AA932KW,14000.0,oui
EOLIS,103176,AA410LC,,oui
EOLIS,103177,AA174FF,4000.0,oui
EOLIS,103178,AA720KY,18000.0,oui
EOLIS,113548,AA934KW,2000.0,non
ETD,116042,LG5815G,,non
ETD,116046,DK0328BL,,non
ETD,116047,AA236DZ,7000.0,non
ETD,116048,AA079KJ0,,non
ETD,116049,AA454MJ,,non
ETD,118730,AA045JH,,non
ETD,118731,AA244NL,21000.0,non
ETD,118732,AA802RT,56000.0,non
ETD,118734,AA254SC,63000.0,non
ETD,118733,AA209MJ,56000.0,non
ETD,118735,AA134PL,84000.0,non
ETD,118736,AA277AL0,4000.0,non
ETD,118737,AA372FZ,1000.0,non
ETD,118738,AA050LX,,non
ETD,118795,AA954YX,124500.0,non
ETD,118796,AA681PW,,non
ETD,118797,DL0048E,56000.0,non
ETD,118798,DL0049E,70000.0,non
ETD,118799,DK6301BC,129000.0,non
ETD,118800,AA550QA,49000.0,non
ETD,118801,AA634NE,77000.0,non
ETD,118802,AA022CJ,38500.0,non
ETD,118803,AA768SW,59000.0,non
ETD,118804,AA505LQ,65500.0,non
ETD,118805,AA410MJ,70000.0,non
ETD,118806,AA373HV,77000.0,non
ETS CHEIKH DIAGNE,64376,AA246GV,18500.0,oui
ETS CHEIKH DIAGNE,64377,DL4981D,18000.0,oui
ETS CHEIKH DIAGNE,64425,DL7008E,29500.0,oui
ETS CHEIKH DIAGNE,64426,AA528KA,29500.0,oui
ETS CHEIKH DIAGNE,64427,AA620JK,40000.0,oui
ETS CHEIKH DIAGNE,64428,AA747KR,,oui
ETS CHEIKH DIAGNE,64432,AA217KN,41500.0,oui
ETS CHEIKH DIAGNE,64439,DL6136E,3500.0,oui
ETS CHEIKH DIAGNE,64440,AA305LX,10500.0,oui
ETS CHEIKH DIAGNE,64441,AA899MT,11500.0,oui
ETS CHEIKH DIAGNE,64442,TH7243K,23000.0,oui
ETS CHEIKH DIAGNE,64443,DL8311D0,56000.0,oui
ETS CHEIKH DIAGNE,64445,AA521KA,9000.0,oui
ETS CHEIKH DIAGNE,64446,TH1679K,,oui
ETS CHEIKH DIAGNE,64462,DL6158E0,34000.0,oui
ETS CHEIKH DIAGNE,64463,AA338JF,44000.0,oui
ETS CHEIKH DIAGNE,64467,DL9109C0,21500.0,oui
ETS CHEIKH DIAGNE,64468,DL7703D0,,oui
ETS CHEIKH DIAGNE,64469,SL4883B,9000.0,oui
ETS CHEIKH DIAGNE,64470,AA278MR,2000.0,oui
ETS CHEIKH DIAGNE,64477,AA475CD,,oui
ETS CHEIKH DIAGNE,64496,TH2001F0,43000.0,oui
ETS CHEIKH DIAGNE,64498,DL4988D0,,oui
ETS CHEIKH DIAGNE,64499,DL9802C,75000.0,oui
ETS CHEIKH DIAGNE,64500,TH8834E,30500.0,oui
ETS CHEIKH DIAGNE,69922,TH4300G0,39500.0,oui
ETS CHEIKH DIAGNE,69923,DL8270D,6000.0,oui
ETS CHEIKH DIAGNE,69924,DL5483D,,oui
ETS CHEIKH DIAGNE,69925,TH3639H,,oui
ETS CHEIKH DIAGNE,69926,AA704MV,2500.0,oui
ETS CHEIKH DIAGNE,69927,AA154JW,3000.0,oui
ETS CHEIKH DIAGNE,69928,TH9267D,,oui
ETS CHEIKH DIAGNE,69929,DL4772D0,,oui
ETS CHEIKH DIAGNE,69930,DL4777E,,oui
ETS CHEIKH DIAGNE,69931,DL8060C,38500.0,oui
ETS CHEIKH DIAGNE,69932,TH7927F,17000.0,oui
ETS CHEIKH DIAGNE,69933,DL4601E0,,oui
ETS CHEIKH DIAGNE,69934,TH7244K,8500.0,oui
ETS CHEIKH DIAGNE,69935,TH2302F0,6000.0,oui
ETS CHEIKH DIAGNE,69940,DL8267D,6000.0,oui
ETS CHEIKH DIAGNE,69941,DL5981D,10500.0,oui
ETS CHEIKH DIAGNE,69942,DL1054E,,oui
ETS CHEIKH DIAGNE,69943,DL3026E0,,oui
ETS CHEIKH DIAGNE,69944,DL0090E0,23000.0,oui
ETS CHEIKH DIAGNE,69945,DL9579D,21000.0,oui
ETS CHEIKH DIAGNE,69946,DL8368C,,oui
ETS CHEIKH DIAGNE,69947,DL4604E0,24000.0,oui
ETS CHEIKH DIAGNE,69948,DL3213E,,oui
ETS CHEIKH DIAGNE,69949,DL3201E0,,oui
ETS CHEIKH DIAGNE,69950,DL7704D0,,oui
ETS CHEIKH DIAGNE,69951,DK3433AL,9500.0,oui
ETS CHEIKH DIAGNE,69952,AA217KH,,oui
ETS CHEIKH DIAGNE,69953,TH5423F0,,oui
ETS CHEIKH DIAGNE,69956,DL7738E,,oui
ETS CHEIKH DIAGNE,69957,DL 6992 D,63500.0,oui
ETS CHEIKH DIAGNE,69958,AA481GM,29500.0,oui
ETS CHEIKH DIAGNE,69959,DK1205AG,46500.0,oui
ETS CHEIKH DIAGNE,69960,DL3319F,3000.0,oui
ETS CHEIKH DIAGNE,69961,AA721HX,34000.0,oui
ETS CHEIKH DIAGNE,69962,DL8056C,7000.0,oui
ETS CHEIKH DIAGNE,69963,DL0871E,,oui
ETS CHEIKH DIAGNE,69964,DK0256AR0,43000.0,oui
ETS CHEIKH DIAGNE,69965,TH2815G,6000.0,oui
ETS CHEIKH DIAGNE,69966,DL0871E0,6000.0,oui
ETS CHEIKH DIAGNE,69967,AA310HX,6000.0,oui
ETS CHEIKH DIAGNE,69968,DL5482D0,,oui
ETS CHEIKH DIAGNE,69969,DL8268D,,oui
ETS CHEIKH DIAGNE,69970,TH2357F,,oui
ETS CHEIKH DIAGNE,69971,TH9894G,31500.0,oui
ETS CHEIKH DIAGNE,69972,AA798JM,25000.0,oui
ETS CHEIKH DIAGNE,69973,DL5482D00,17000.0,oui
ETS CHEIKH DIAGNE,69977,DL4618E,15000.0,oui
EPC MINEEX,64308,AA432MS,31500.0,oui
EPC MINEEX,64313,AA371NR,27000.0,oui
EPC MINEEX,64342,AA073AM,12000.0,oui
EPC MINEEX,64343,DK5065BD,16000.0,oui
EPC MINEEX,64344,AA349BD,4500.0,oui
EPC MINEEX,64351,AA673AA,,oui
EPC MINEEX,64373,DK1333BL,,oui
EPC MINEEX,64381,AA138CK,,oui
EPC MINEEX,64384,DK3389BK,26500.0,oui
EPC MINEEX,64385,AA803JX,5000.0,oui
EPC MINEEX,64386,AA336LP,31500.0,oui
EPC MINEEX,64387,AA314LB,28000.0,oui
EPC MINEEX,64388,DK7584BK0,1000.0,oui
EPC MINEEX,64389,AA020AS,,oui
EPC MINEEX,64390,DK8853AR,,oui
EPC MINEEX,64391,AA568AA,13000.0,oui
EPC MINEEX,64392,AA362BD,,oui
EPC MINEEX,64394,DK8911BE,25000.0,oui
EPC MINEEX,64395,AA257LG,500.0,oui
EPC MINEEX,64396,AA566AA,,oui
EPC MINEEX,64397,AA222DR,23500.0,oui
EPC MINEEX,64398,AA220DR,,oui
EPC MINEEX,64056,AA497DZ,10000.0,oui
EPC MINEEX,88299,AA744QZ,24500.0,oui
EPC MINEEX,88300,AA760QZ,59500.0,oui
EYDON,113536,AA762ZM,16000.0,non
EYDON,113537,AA770ZM,3000.0,non
EYDON,113538,AA265LL,16000.0,non
EYDON,113539,DK9309BK0,,non
EYDON,113540,AA907QP,10000.0,non
EYDON,113541,AA347MQ,,non
EYDON,113542,AA047RR,6000.0,non
EYDON,113543,AA197SK,15000.0,non
EYDON,113544,AA165HT,8000.0,non
EYDON,113545,AA083LH,11000.0,non
EYDON,113546,AA587EJ,18000.0,non
FAMY,1881,DK7542AU,,oui
FAMY,7500,TH3078G,,oui
FAMY,10243,DK4341AU,,oui
FAMY,19138,AA277FL,,oui
FAMY,25242,AA280FL,,oui
FAMY,30109,DK4341AUO,,non
FAMY,64100,AA783CT,,oui
FAMY,90744,AA277FL,,oui
FAMY,90745,AA193PE,,oui
FAMY,103573,AA377KC,,oui
FAMY,103574,AA554FK0,,oui
FAMY,103575,AA265FL,,oui
FAMY,103576,DK2957AX,,oui
FAMY,103577,AA391EW0,,oui
FAMY,103578,AA271FL,,oui
FAMY,103579,DK-8101-AY,,oui
FAMY,104403,TH2745G,,oui
FERA,30706,AD30355,,oui
FERA,30707,DK8159BM,,oui
FERA,69526,AD1813,,oui
FERA,69527,AD1812,,oui
FERA,69528,AD1815,,oui
FERA,101663,AD30346,6500.0,oui
FERA,101664,DK8165BC,4500.0,oui
FERA,101665,AD2329,,oui
FERA,101666,DK8164BC0,,oui
FERA,101667,DK8163BC,,oui
FERA,101668,AD1813,16000.0,oui
FERA,101669,AD2328,3000.0,oui
FERA,103387,AD1812,19500.0,oui
FERA,103388,AD1815,,oui
FERA,103389,DK6740AU,,oui
FERA,103390,AD30355,2000.0,oui
FERA,109970,DK8199BM0,12000.0,non
FONROCHE,69503,1290TTA1,12000.0,oui
FONROCHE,69504,0464TTA1,32000.0,oui
FONROCHE,69505,2150TTA1,9000.0,oui
FONROCHE,69515,9595TTD10,,oui
FONROCHE,69534,DK8103TTD1,7000.0,oui
FONROCHE,69537,AA763JW,,oui
FONROCHE,69538,1073TTA1,1500.0,oui
FONROCHE,69539,1072TTA1,,oui
FONROCHE,69540,DK4577BG,,oui
FONROCHE,69559,9639TTD10,,oui
FONROCHE,69558,2149TTA10,5000.0,oui
FONROCHE,69557,2452TTA2,43500.0,oui
FONROCHE,69556,2451TTA1,2500.0,oui
FONROCHE,69555,9640TTD10,10500.0,oui
FONROCHE,90543,AA553PV.,1500.0,oui
FONROCHE,90544,AA918LW,3000.0,oui
FONROCHE,90545,2853TTA1,16500.0,oui
FONROCHE,109958,AB380BN,25000.0,non
FONROCHE,109959,9639TTD10,3000.0,non
FONROCHE,109961,AB365BN,,non
FONROCHE,109988,AA608SP,22500.0,non
FONROCHE,113565,5622TTA1,43500.0,oui
GECANIMES SA,69862,DK0510AX0,,oui
GECANIMES SA,69867,DK420AL,18500.0,oui
GECANIMES SA,88242,AA111AA0,38500.0,oui
GECANIMES SA,88250,AA795RB,4500.0,oui
GECANIMES SA,90802,DK2311BH,9000.0,oui
GECANIMES SA,90958,AA466SM,47500.0,oui
GECANIMES SA,90860,AA463SM,109000.0,oui
GECANIMES SA,90753,AA817TN,21000.0,oui
GECANIMES SA,101620,DK7458BK,7000.0,oui
GECANIMES SA,101688,AA152AH,,oui
GECANIMES SA,101689,AA533FG,8000.0,oui
GECANIMES SA,101690,AA350DA,17000.0,oui
GECANIMES SA,101732,AA057MZ,,oui
GECANIMES SA,101733,AB364AX,27000.0,oui
GECANIMES SA,103339,AA189VL,12000.0,oui
GECANIMES SA,103340,AA187VL,8500.0,oui
GECANIMES SA,103341,AA437HC,34000.0,oui
GECANIMES SA,103342,AA179NT,8000.0,oui
GECANIMES SA,103343,AA356BG,109500.0,oui
GECANIMES SA,103344,DK9231AS,2500.0,oui
GECANIMES SA,103345,AA923DT0,130500.0,oui
GECANIMES SA,112642,AA576RA,15000.0,oui
GECANIMES SA,118757,AA535VS,,non
GERMANI WEST AFRICA,64014,2299EX,3000.0,non
GERMANI WEST AFRICA,106070,AA664XK,160500.0,non
GERMANI WEST AFRICA,106071,AA579XK0,55000.0,non
GERMANI WEST AFRICA,106096,AA265WZ,,non
GERMANI WEST AFRICA,106097,AA081YW,,non
GERMANI WEST AFRICA,106098,AA815XP0,191500.0,non
GERMANI WEST AFRICA,106099,AA815XP,,non
GERMANI WEST AFRICA,106100,AA529ZD,118500.0,non
GERMANI WEST AFRICA,106101,AA743ZD,136500.0,non
GERMANI WEST AFRICA,106102,AA074YW,134500.0,non
GERMANI WEST AFRICA,106103,AA077YW,68000.0,non
GERMANI WEST AFRICA,106104,AA071YW,117500.0,non
GERMANI WEST AFRICA,106106,AA180EB,,non
GERMANI WEST AFRICA,106107,AA079YW,125500.0,non
GERMANI WEST AFRICA,106108,AA073YW,107000.0,non
GERMANI WEST AFRICA,106109,AA740ZD,120000.0,non
GERMANI WEST AFRICA,106110,AA086YW,218500.0,non
GERMANI WEST AFRICA,106111,AA320YZ,145000.0,non
GERMANI WEST AFRICA,106112,AA076YW,,non
GERMANI WEST AFRICA,106113,AA656XK,64000.0,non
GERMANI WEST AFRICA,106114,AA445EB,,non
GERMANI WEST AFRICA,106115,AA309YZ,196500.0,non
GERMANI WEST AFRICA,106116,AA797XP,235500.0,non
GERMANI WEST AFRICA,106117,AA004XW,134000.0,non
GERMANI WEST AFRICA,106118,AA084YW,,non
GERMANI WEST AFRICA,106119,AA135XW,124500.0,non
GERMANI WEST AFRICA,106120,AA105XW,178500.0,non
GERMANI WEST AFRICA,106121,AA810XP,154500.0,non
GERMANI WEST AFRICA,106122,AA793XP,153500.0,non
GERMANI WEST AFRICA,106123,AA807XP,170500.0,non
GERMANI WEST AFRICA,106124,AA110XW,158000.0,non
GERMANI WEST AFRICA,106125,AA651XK,50000.0,non
GERMANI WEST AFRICA,106126,AA804XP,141500.0,non
GERMANI WEST AFRICA,106127,AA808XP,192000.0,non
GERMANI WEST AFRICA,106128,AA648XK,123000.0,non
GERMANI WEST AFRICA,109968,AA058XW,114000.0,non
GERMANI WEST AFRICA,109972,AA421YE,35500.0,non
GERMANI WEST AFRICA,109973,AA737ZD,143000.0,non
GERMANI WEST AFRICA,112613,AA803XP,189000.0,non
GERMANI WEST AFRICA,112614,AA631XP,161500.0,non
GERMANI WEST AFRICA,112615,AA646XP,178500.0,non
GERMANI WEST AFRICA,112616,AA597XK,128500.0,non
GERMANI WEST AFRICA,112617,AA132XW,,non
GERMANI WEST AFRICA,112618,AA813XP,194500.0,non
GERMANI WEST AFRICA,112619,AA811XP,157000.0,non
GERMANI WEST AFRICA,112620,AA670XP,149500.0,non
GERMANI WEST AFRICA,112621,AA064XW,57000.0,non
GERMANI WEST AFRICA,112622,AA637XK,157500.0,non
GERMANI WEST AFRICA,112623,AA131XW,,non
GERMANI WEST AFRICA,112624,AA628XK,183000.0,non
GERMANI WEST AFRICA,112625,AA067XW,226000.0,non
GERMANI WEST AFRICA,112626,AA608XK,115000.0,non
GERMANI WEST AFRICA,112627,AA119XW,172500.0,non
GERMANI WEST AFRICA,112628,AA013XW,186500.0,non
GERMANI WEST AFRICA,112629,AA071XW,140000.0,non
GERMANI WEST AFRICA,112630,AA677XP,52000.0,non
GERMANI WEST AFRICA,112631,AA799XP,,non
GERMANI WEST AFRICA,112632,AA043XW,143500.0,non
GERMANI WEST AFRICA,112633,AA008XW,128500.0,non
GERMANI WEST AFRICA,112634,AA816XP,129500.0,non
GERMANI WEST AFRICA,112635,AA818XP,112000.0,non
GERMANI WEST AFRICA,112636,AA053XW,144500.0,non
GERMANI WEST AFRICA,112637,AA681XP,180000.0,non
GERMANI WEST AFRICA,112638,AA116XW,125500.0,non
GERMANI WEST AFRICA,112639,AA077XW,133000.0,non
GERMANI WEST AFRICA,112640,AA081XW,179000.0,non
GERMANI WEST AFRICA,112648,AA047XW,98000.0,non
GERMANI WEST AFRICA,112734,AA615XP,35000.0,non
GERMANI WEST AFRICA,112735,AA378YR,13000.0,non
GERMANI WEST AFRICA,112736,AA424YE,31500.0,non
GBTC SARL,46065,AA609QD,,non
GBTC SARL,46071,AA194RP,,non
GBTC SARL,46096,AA085XJ,,non
GBTC SARL,48593,AA560XZ,,non
GBTC SARL,48681,AA242MF,,non
GBTC SARL,48684,AA138ZN,4000.0,non
GBTC SARL,48692,AA520WH,,non
GBTC SARL,48735,AA080QW,8000.0,non
GBTC SARL,48894,AA517WH,,non
GBTC SARL,48908,AA373WZ0,4000.0,non
GBTC SARL,48917,AA956WQ,12000.0,non
GBTC SARL,51739,AA378FQ,6000.0,non
GBTC SARL,101606,DL3969E,4000.0,oui
GBTC SARL,101607,DL8123E,,oui
GBTC SARL,101608,TH4171L,,oui
GBTC SARL,101609,AA545GC,,oui
GBTC SARL,101610,TH8653L,,oui
GBTC SARL,101611,TH4170L,,oui
GBTC SARL,101612,AA512SY,,oui
GBTC SARL,101613,AA582JA,,oui
GBTC SARL,101614,TH9409K,,oui
GBTC SARL,101615,AA329HN,,oui
GBTC SARL,104125,TH3758D,,oui
GBTC SARL,104126,AA910JL0,,oui
GBTC SARL,104127,TH4172L,,oui
GBTC SARL,104128,FK3476A,,oui
GBTC SARL,104129,AA871BL,,oui
GBTC SARL,104130,SL2492C,,oui
GBTC SARL,104131,AA872BL,,oui
GBTC SARL,104132,AA850KM,12000.0,oui
GBTC SARL,104133,AA268VK,,oui
GBTC SARL,104134,TH9224K,,oui
GBTC SARL,104135,TH0474K,,oui
GBTC SARL,104136,AA015NC,,oui
GBTC SARL,104137,AA979DK,,oui
GBTC SARL,104138,AA972BW0,,oui
GBTC SARL,104139,AA082WB,29000.0,oui
GBTC SARL,104140,AA072WB,24000.0,oui
GBTC SARL,104325,AA111CE,,oui
GBTC SARL,104326,AA628NW,,oui
GBTC SARL,104327,TH1421H,,oui
GBTC SARL,104328,AA196RP,2000.0,oui
GBTC SARL,104329,AA428KG,,oui
GBTC SARL,104330,AA114AL00,2000.0,oui
GBTC SARL,104331,AA147DV,,oui
GBTC SARL,104332,AA587AW,,oui
GBTC SARL,104333,TH8470H,,oui
GBTC SARL,104334,AA529HD,,oui
GBTC SARL,104335,AA754QY,,oui
GBTC SARL,104336,AA540QL0,21000.0,oui
GBTC SARL,104337,DK3232AC,,oui
GBTC SARL,104338,AA288KM,,oui
GBTC SARL,104373,TH9411K,,oui
GBTC SARL,104374,TH0475K,,oui
GBTC SARL,104375,DK0238AA,,oui
GBTC SARL,104376,AA810SN,,oui
GBTC SARL,104377,AA376AV,,oui
GBTC SARL,104378,AA190BL0,,oui
GBTC SARL,104380,TH6263K,,oui
GBTC SARL,104381,AA853BC,,oui
GBTC SARL,104382,TH9223K,,oui
GBTC SARL,104383,AA821BY,,oui
GDS,31885,AA388HX,,oui
GDS,101639,AA252GX,,oui
GDS,104010,AA335VS,15000.0,oui
GDS,104014,AA824CA0,6000.0,oui
GDS,104015,AA247GX,3000.0,oui
GDS,113554,EX1410,18000.0,non
GCO,9521,AA469DD,,oui
GCO,12274,AA577JM,17000.0,oui
GCO,12290,9516TTD1,,oui
GCO,15178,AA779CG,,oui
GCO,15179,DK0916EX,,oui
GCO,15182,AA605CC,,oui
GCO,15184,AA520CJ,2000.0,oui
GCO,15185,AA699CE,24000.0,oui
GCO,19033,9730TTD1,,oui
GCO,19065,0736TTA1,,oui
GCO,19112,AA675BK,,oui
GCO,19636,AA319DS,7000.0,oui
GCO,36003,AA168FE,3000.0,oui
GCO,36080,AA193EX,2000.0,oui
GCO,36188,AA129AN,18000.0,oui
GCO,36497,AA187FE,1000.0,oui
GCO,36832,AA164FE,18000.0,oui
GCO,38523,AA662ER,59000.0,oui
GCO,64108,AA643PJ,11000.0,oui
GCO,64106,AA665PC,25500.0,oui
GCO,64107,AA115PR,17000.0,oui
GCO,64213,AA223NE,8000.0,oui
GCO,64401,AA242NC,16000.0,oui
GCO,64408,AA950NC,15000.0,oui
GCO,64464,AA396NH,7000.0,oui
GCO,64465,AA403NH,6000.0,oui
GCO,64492,3248TTD1,,oui
GCO,69195,AA301HV,3000.0,oui
GCO,64572,AA233QC,21500.0,oui
GCO,64573,2720TTD1,,oui
GCO,69440,AA160CH,9000.0,oui
GCO,69481,AA501GK,4000.0,oui
GCO,69482,AA396KC,,oui
GCO,69516,AA909HY,,oui
GCO,69517,AA319HV,3000.0,oui
GCO,69518,AA316HV,4000.0,oui
GCO,69519,AA312HV,1000.0,oui
GCO,69521,AA306HV,10000.0,oui
GCO,69522,AA681JT,24500.0,oui
GCO,69523,AA576JM,,oui
GCO,69524,AA175JY,4000.0,oui
GCO,69525,AA170JY,22500.0,oui
GCO,69606,AA136HM,100500.0,oui
GCO,69607,AA605CC0,,oui
GCO,69608,AA161CH,6000.0,oui
GCO,69631,AA227LC,,oui
GCO,69639,AA548LH,10000.0,oui
GCO,69789,AA543LH,8000.0,oui
GCO,69795,AA365KV,2000.0,oui
GCO,69796,AA225LC,8000.0,oui
GCO,88246,AA 605 CC,7000.0,oui
GCO,88247,AA590PN,12000.0,oui
GCO,88248,AA583PN,,oui
GCO,81793,3580TTA1,3500.0,oui
GCO,88217,4218TTA1,12000.0,oui
GCO,88219,3167TTA1,,oui
GCO,90521,AA265RZ,14000.0,oui
GCO,90764,9516TTD1,,oui
GCO,100741,AA140VF,17000.0,oui
GCO,100742,AA421VF,16000.0,oui
GCO,100743,AA576VA,12000.0,oui
GCO,100748,AA151TZ,4500.0,oui
GCO,100756,AA649TX,2000.0,oui
GCO,100757,AA657TX,20000.0,oui
GCO,100758,AA666TX,9000.0,oui
GCO,104407,AA402VM,,oui
GCO,104408,AA400VM,,oui
GCO,104409,AA095VM,,oui
GCO,109975,AA400VM.,2000.0,non
GCO,109944,AA172FE0,10000.0,non
GCO,116463,AB513CY,9000.0,non
GCO,116464,AB894CH,7500.0,non
GTM,3280,DK0524EX,35500.0,oui
GTM,3345,DK5029AE,,oui
GTM,3431,DK0521EX,,oui
GTM,3441,TH0278EX,,oui
GTM,3486,DK5028AE,,oui
GTM,6260,AA370BP,42500.0,oui
GTM,6619,DK5027AE,,oui
GTM,6627,AA356BP,68000.0,oui
GTM,6628,AA364BP,59500.0,oui
GTM,6631,AA351BP,76500.0,oui
GTM,7221,0530TTA1,,oui
GTM,13179,DK1866BA,,oui
GTM,15253,DK9594BH,,oui
GTM,33988,TH0181EX,,oui
GTM,34494,AA875FJ,55500.0,oui
GTM,34495,AA876FJ,42500.0,oui
GTM,34496,AA883FJ,12500.0,oui
GTM,34497,AA881FJ,17000.0,oui
GTM,34498,AA903FJ,4500.0,oui
GTM,34499,AA900FJ,11500.0,oui
GTM,34500,AA878FJ,9000.0,oui
GTM,36767,DK0748EX,,oui
GTM,37887,TH0284EX,74000.0,oui
GTM,37890,TH0186EX,,oui
GTM,38405,AA061EX,76500.0,oui
GTM,38406,AA062EX,19000.0,oui
GTM,38472,AA064EX,68000.0,oui
GTM,38495,AA575EW,51500.0,oui
GTM,64015,DK0764EX,57500.0,oui
GTM,64031,TH0277EX,61000.0,oui
GTM,64032,TH0300EX,88000.0,oui
GTM,64033,TH0175EX,85500.0,oui
GTM,64111,DK0751EX,,oui
GTM,64141,DK0755EX,70500.0,oui
GTM,64173,0564TTA1,65500.0,oui
GTM,64200,0540TTA1,76500.0,oui
GTM,64253,AA345NM,66500.0,oui
GTM,64254,AA289NM,101000.0,oui
GTM,64255,AA292NM,101000.0,oui
GTM,64256,AA351NM,101500.0,oui
GTM,64258,AA358NM,72000.0,oui
GTM,64259,AA295NM,52000.0,oui
GTM,64260,AA347NM,93000.0,oui
GTM,64261,AA301NM,7000.0,oui
GTM,64262,AA296NM,91500.0,oui
GTM,64263,AA268NM,105500.0,oui
GTM,64264,AA266NM,71000.0,oui
GTM,64265,AA324NM,75000.0,oui
GTM,64266,AA298NM,84500.0,oui
GTM,64267,AA331NM,87500.0,oui
GTM,64285,AA339NM,79500.0,oui
GTM,64286,AA302NM,106500.0,oui
GTM,64379,AA404LR,25000.0,oui
GTM,64380,DK0763EX,,oui
GTM,64409,2153EX,57500.0,oui
GTM,64422,0562TTA1,66500.0,oui
GTM,64493,2149EX,53000.0,oui
GTM,69201,DK7847AY,,oui
GTM,69501,TH0285EX,84500.0,oui
GTM,69542,DK0752EX,49000.0,oui
GTM,69543,DK5031AE,,oui
GTM,69688,TH0183EX,66500.0,oui
GTM,69763,AA291AV,,oui
GTM,64575,DK0746EX,31500.0,oui
GTM,88239,2126EX,52500.0,oui
GTM,88240,AA454RC,74500.0,oui
GTM,88218,0589TTA1,65500.0,oui
GTM,88220,TH0278EX0,70500.0,oui
GTM,90909,2156EX,72000.0,oui
GTM,92096,2725EX,,oui
GTM,90534,TH0298EX,66000.0,oui
GTM,90535,DK0513EX,26500.0,oui
GTM,90812,TH0189EX,76000.0,oui
GTM,90857,0535TTA1,75500.0,oui
GTM,90858,DK0760EX,59500.0,oui
GTM,90894,2152EX,,oui
GTM,90897,DK0510EX,66000.0,oui
GTM,90948,TH0287EX,,oui
GTM,90754,TH0281EX,80000.0,oui
GTM,90733,DK0514EX,76500.0,oui
GTM,90704,DK0509EX,30500.0,oui
GTM,90749,DK5028AE0,35000.0,oui
GTM,90750,DK5030AE,81000.0,oui
GTM,100725,2214EX,97000.0,oui
GTM,101699,DK0762EX,91500.0,oui
GTM,101700,2194EX,44500.0,oui
GTM,102052,TH0274EX,,oui
GTM,103309,AA292QY,101500.0,oui
GTM,103311,2196EX,79000.0,oui
GTM,101762,AA317NM,120500.0,oui
GTM,101763,2211EX,75000.0,oui
GTM,101764,DK0757EX,13500.0,oui
GTM,101765,DK0756EX,22000.0,oui
GTM,101766,TH0273EX,,oui
GTM,101767,0560TTA1,78500.0,oui
GTM,101768,DK0523EX,71500.0,oui
GTM,101769,AA294NM,118500.0,oui
GTM,101770,TH0286EX,79000.0,oui
GTM,101771,TH0188EX,87500.0,oui
GTM,101772,0542TTA1,82000.0,oui
GTM,101773,AA360NM,92000.0,oui
GTM,101774,DK0754EX,,oui
GTM,101775,TH0295EX,47500.0,oui
GTM,101776,DK0522EX,22000.0,oui
GTM,103151,TH0283EX,95000.0,oui
GTM,103153,AA433RB,18000.0,oui
GTM,103192,DK0758EX,61000.0,oui
GTM,103193,AA321NM,99500.0,oui
GTM,103194,DK0520EX,39000.0,oui
GTM,103195,0527TTA1,83500.0,oui
GTM,103196,DK0761EX,,oui
GTM,103197,TH0184EX,,oui
GTM,103198,TH0180EX,97000.0,oui
GTM,103199,0599TTA1,71000.0,oui
GTM,103200,TH0294EX,,oui
GTM,103351,TH0293EX,,oui
GTM,103352,DK0759EX,26000.0,oui
GTM,103353,DK0511EX,44500.0,oui
GTM,103354,DK0745EX,,oui
GTM,103355,TH0297EX,95500.0,oui
GTM,103356,DK0753EX,145000.0,oui
GTM,103544,2131EX,46500.0,oui
GTM,103545,2208EX,39000.0,oui
GTM,103551,2201EX,118000.0,oui
GTM,103552,AA540QN,75500.0,oui
GTM,103553,0554TTA1,92000.0,oui
GTM,103570,0600TTA1,121000.0,oui
GTM,103571,0573TTA1,83000.0,oui
GTM,103580,0601TTA10,88000.0,oui
GTM,103581,0526TTA1,53000.0,oui
GTM,103582,0528TTA1,110000.0,oui
GTM,103584,TH0282EX,112000.0,oui
GTM,103585,TH0289EX,88500.0,oui
GTM,103586,3203EX,49500.0,oui
GTM,103587,TH0275EX,55500.0,oui
GTM,103588,DK0750EX0,49000.0,oui
GTM,103589,0539TTA1,92500.0,oui
GTM,103590,TH0276EX,53000.0,oui
GTM,103591,DK5030AE0,104000.0,oui
GTM,103592,0616TTA1,108500.0,oui
GTM,103593,0534TTA1,44500.0,oui
GTM,104018,2150EX,57000.0,oui
GTM,104019,DK0536EX,,oui
GTM,104251,DK0749EX,102500.0,oui
GTM,104255,0545TTA1,74500.0,oui
GTM,104389,DK0512EX,,oui
GTM,104410,DK0515EX,83000.0,oui
GTM,104423,0591TTA1.,97000.0,oui
GTM,104425,TH0299EX,30500.0,oui
GTM,104439,0619TTA10,8500.0,oui
GTM,104440,0614TTA1,8500.0,oui
GTM,104441,0618TTA1,87500.0,oui
GTM,104442,AA291QY,75000.0,oui
GTM,104443,0533TTA1,84000.0,oui
GTM,104444,TH0279EX,74500.0,oui
GTM,104445,0536TTA1,40500.0,oui
GTM,104446,0532TTA1,88500.0,oui
GTM,104447,0524TTA1,99000.0,oui
GTM,104448,0537TTA1,106000.0,oui
GTM,104449,TH0291EX,72000.0,oui
GTM,104450,0531TTA1,74500.0,oui
GTM,104451,DK0516EX,48000.0,oui
GTM,106006,AA453QN,87500.0,oui
GTM,109938,DK0748EX0,,non
GTM,109969,AA063EX,49000.0,non
GTM,112668,DK0519EX,,oui
GTM,116021,AB971DB,44500.0,non
GTM,116022,AB012DC,57500.0,non
GTM,116023,AB005DC,52500.0,non
GTM,116024,AB408DC,46000.0,non
GTM,116025,AB301DC,43500.0,non
GTM,116026,AB990DB,53000.0,non
GTM,116027,AB908DB,53500.0,non
GTM,116028,AB346DC,52500.0,non
GTM,116029,AB343DC,49000.0,non
GTM,116030,AB307DC,35500.0,non
GTM,116031,AB427DC,44500.0,non
GTM,116032,AB898DB,35000.0,non
GTM,116033,AB419DC,48000.0,non
GTM,116034,AB901DB,35500.0,non
GTM,116035,AA995DB.,61500.0,non
GTM,116036,AB390DC,35500.0,non
GTM,116037,AB382DC,27000.0,non
GTM,116038,AB325DC,46000.0,non
GTM,116039,AB910DB,52500.0,non
GTM,116040,AB919DB,44500.0,non
HAAS,7040,TH4378L,32000.0,oui
HAAS,7065,AD31265,,oui
HAAS,7066,AD0433,,oui
HAAS,7068,AD0452,,oui
HAAS,7126,AD0451,,oui
HAAS,7165,AD29663,,oui
HAAS,7168,DK6703BC0,,oui
HAAS,7170,AD26343,,oui
HAAS,7171,AD0432,,oui
HAAS,7172,AD0430,6500.0,oui
HAAS,90740,AA266LV,13500.0,oui
HAAS,103400,AA682KQ,154500.0,oui
HAAS,106068,AA697KQ,33500.0,oui
HAAS,106069,AA675KQ,40000.0,oui
HAAS,109943,DK6703BC0,48000.0,non
HENAN CHINE SENEGAL,48565,AA126FZ,,non
HENAN CHINE SENEGAL,48712,AA169FZ,,non
HENAN CHINE SENEGAL,48586,AA172FZ,,non
HENAN CHINE SENEGAL,48623,AA159FZ,,non
HENAN CHINE SENEGAL,80356,AA-125-BS,,oui
HENAN CHINE SENEGAL,80357,AA-147-GJ,,oui
HENAN CHINE SENEGAL,100733,5234TTA1,,oui
HENAN CHINE SENEGAL,100734,5235TTA1,,oui
HENAN CHINE SENEGAL,100735,4945TTA1,,oui
HENAN CHINE SENEGAL,100737,5233TTA1,,oui
HENAN CHINE SENEGAL,100738,4940TTA1,,oui
HENAN CHINE SENEGAL,100739,5051TTA1,,oui
HENAN CHINE SENEGAL,100745,4943TTA1,,oui
HENAN CHINE SENEGAL,100746,5050TTA1,,oui
HENAN CHINE SENEGAL,100747,5229TTA1,,oui
HENAN CHINE SENEGAL,101601,4942TTA1,,oui
HENAN CHINE SENEGAL,101602,5049TTA1,,oui
HENAN CHINE SENEGAL,101603,5048TTA1,,oui
HENAN CHINE SENEGAL,101604,4944TTA1,,oui
HENAN CHINE SENEGAL,101605,5230TTA1,,oui
HENAN CHINE SENEGAL,101616,5154TTA1,,non
HERTZ,4051,DK8919AS,,oui
HERTZ,4501,DK2632BD,,oui
HERTZ,4502,DK5489BD,,oui
HERTZ,4504,DK1057EX,,oui
HERTZ,4506,DK1861AX,,oui
HERTZ,4507,DK1860AX,,oui
HERTZ,4510,DK3522BG,3000.0,oui
HERTZ,4515,DK5987AP,,oui
HERTZ,4518,DK9227BA,,oui
HERTZ,4524,DK9469BF,,oui
HERTZ,4551,DK1038EX,,oui
HERTZ,4649,AA0075EX,,oui
HERTZ,4650,DK0797EX,,oui
HERTZ,4716,DK9226BA,,oui
HERTZ,5659,DK0833EX,,oui
HERTZ,5662,DK0834EX,,oui
HERTZ,7062,AA867BM,15000.0,oui
HERTZ,7134,AA874BM,,oui
HERTZ,7164,AA447BS,,oui
HERTZ,10022,DK2631BD,,oui
HERTZ,30112,DK2631BD0,,oui
HERTZ,30113,DK9057AP,3000.0,oui
HERTZ,30114,DK0833EX00,,oui
HERTZ,30115,DK3004AH,,oui
HERTZ,30116,AA353AV,,oui
HERTZ,30117,AA352AV0,,oui
HERTZ,30118,DK0636AH,6000.0,oui
HERTZ,33296,DK0833EX0,,oui
HERTZ,33545,AA460EG,,oui
HERTZ,33584,AA733EF,,oui
HERTZ,33612,AA739EF,,oui
HERTZ,33613,DK9468BF0,,oui
HERTZ,33614,AA619DW,,oui
HERTZ,33876,DK1057EX0,,oui
HERTZ,34338,AA735EF,,oui
HERTZ,35076,AA870AY.,,oui
HERTZ,35231,0531EX,,oui
HERTZ,35430,0797EX,,oui
HERTZ,37856,DK9468BF,,oui
HERTZ,37867,DK0296AT,,oui
HERTZ,37871,DK8536BE,,oui
HERTZ,37874,Dk4304BF,,oui
HERTZ,37877,DK9831BA,,oui
HERTZ,37879,DK0395AX,,oui
HERTZ,37898,DK9225BA,,oui
HERTZ,69699,DK0396AX,3000.0,oui
HERTZ,89868,2024EX,,non
HERTZ,90541,AA0075EX,37000.0,oui
HERTZ,90934,AA430MP,,oui
HERTZ,90935,2482EX,2000.0,oui
HERTZ,90936,2461EX,,oui
HERTZ,90937,AA735EF0,46000.0,oui
HERTZ,90938,AA739EF0,1500.0,oui
HERTZ,90939,AA460EG0,38000.0,oui
HERTZ,90940,AA414JX,,oui
HERTZ,90941,AA098LH,32500.0,oui
HERTZ,90942,AA037LH,,oui
HERTZ,90943,AA036LH,15000.0,oui
HERTZ,90944,AA106LH,,oui
HERTZ,93591,2023EX,8500.0,oui
HERTZ,103501,DK6556AT,,oui
HERTZ,103502,AA127KR,,oui
HERTZ,104475,DK2632BD0,11500.0,oui
HERTZ,104476,DK0320BB0,7000.0,oui
HERTZ,104477,AA450CN0,15000.0,oui
HERTZ,104478,AA823ER,37000.0,oui
HERTZ,104479,DK8261BK,82000.0,oui
HERTZ,104480,DK8257BK,5000.0,oui
HERTZ,104481,AA819ER,2000.0,oui
HERTZ,106010,AA901LJ,5000.0,oui
HERTZ,109977,DK1036EX,,non
HERTZ,109978,DK4304BF0,,non
HERTZ,109979,2278EX,62000.0,non
INEO,6189,DK4668BF,,oui
INEO,7646,DK6316BH,,oui
INEO,7653,DK8052BH,,oui
INEO,8396,DK2215AT,,oui
INEO,9722,DK7164BG,,oui
INEO,11504,DK5874BM,,oui
INEO,11511,DK5919BG,,oui
INEO,11540,DK1222BH,,oui
INEO,14661,DK7488BM,,oui
INEO,27626,DK4063BH,,oui
INEO,27770,DK7486BM,,oui
INEO,28810,DK8975BH0,,oui
INEO,28924,DK0746BK,,oui
INEO,28986,AA277CG,,oui
INEO,64039,DK7205BK,,oui
INEO,90789,DK-0746-BK,2000.0,non
INEO,90804,DK6126BF0,82500.0,oui
INEO,90834,AA757SK,12000.0,oui
INEO,90898,DK6316BH0,51000.0,oui
INEO,90955,AA033SE,36500.0,oui
INEO,90741,DK7205BK,49500.0,non
INEO,100753,AA520TX,,non
INEO,100759,DK4668BF,,non
INEO,100782,AA581VB,,non
INEO,100783,AA791VA,41000.0,non
INEO,100784,AA007VA,23000.0,non
INEO,101651,DK4519BM0,,non
INEO,101759,DK5711BH,,non
INEO,101760,DK7719BL,,non
INEO,103381,AA695FH,58000.0,non
INEO,106055,AA454TK,,non
INEO,113566,DK4187BF,,non
IZYCAB SARL,7781,DK4216BM,,oui
IZYCAB SARL,7784,DK4219BM,,oui
IZYCAB SARL,7832,DK4215BM,,oui
IZYCAB SARL,7833,AA605BK,,oui
IZYCAB SARL,8385,AA623BK,,oui
IZYCAB SARL,8388,DK4218BM,,oui
IZYCAB SARL,8451,AA599BK,,oui
IZYCAB SARL,9628,AA832CA,,oui
IZYCAB SARL,12549,DK1049BD,,oui
IZYCAB SARL,12550,DK2090BE,,oui
IZYCAB SARL,12573,DK1047BD,,oui
IZYCAB SARL,12574,DK4269BC,,oui
IZYCAB SARL,12632,DK9193BF,,oui
IZYCAB SARL,12635,DK9191BF,,oui
IZYCAB SARL,12636,DK9190BF,,oui
IZYCAB SARL,13701,DK9197BF,,oui
IZYCAB SARL,15052,DK4268BC,,oui
IZYCAB SARL,15067,DK9192BF,,oui
IZYCAB SARL,15126,DK4004BC,,oui
IZYCAB SARL,15295,DK4270BC,,oui
IZYCAB SARL,15297,DK2815BF,,oui
IZYCAB SARL,64103,AA753BK,,oui
IZYCAB SARL,69334,AA252JC,,oui
IZYCAB SARL,69338,AA256JC,,oui
IZYCAB SARL,69341,AA264JC,,oui
IZYCAB SARL,69343,AA262JC,,oui
IZYCAB SARL,69345,AA257JC,,oui
IZYCAB SARL,69349,AA149JC,,oui
IZYCAB SARL,69578,DK3467BA,,oui
IZYCAB SARL,90891,AA753BK0,,oui
IZYCAB SARL,90738,DK1046BD0,,oui
IZYCAB SARL,100778,AA432SY,13000.0,oui
IZYCAB SARL,100779,AA244SY,7000.0,oui
IZYCAB SARL,101627,AA137JC,,oui
IZYCAB SARL,101652,AA253JC,,oui
IZYCAB SARL,101653,AA145JC,,oui
IZYCAB SARL,101660,AA394FE,,oui
IZYCAB SARL,101661,AA261JC,,oui
IZYCAB SARL,101662,AA254JC,,oui
IZYCAB SARL,101684,AA257JC0,,oui
IZYCAB SARL,101685,AA258JC,,oui
IZYCAB SARL,101686,AA263JC,,oui
IZYCAB SARL,101730,AA140JC,,oui
IZYCAB SARL,101734,AA260JC,,oui
IZYCAB SARL,101745,DK4217BM,,oui
IZYCAB SARL,104253,DK1048BD,,oui
IZYCAB SARL,104285,AA245SY,,oui
IZYCAB SARL,113609,AA297WK,,oui
KEDA SN CERAMIC,9667,AA776CN,18500.0,oui
KEDA SN CERAMIC,18729,AA617DH,107500.0,oui
KEDA SN CERAMIC,30878,DK8041BG0,48500.0,oui
KEDA SN CERAMIC,30129,DK5020BM,,oui
KEDA SN CERAMIC,33508,AA897CB,62000.0,oui
KEDA SN CERAMIC,33509,AA871CB,69000.0,oui
KEDA SN CERAMIC,33510,AA845HT,114000.0,oui
KEDA SN CERAMIC,103538,AA736QL0,7000.0,oui
KEDA SN CERAMIC,103539,AA813HQ0,26500.0,oui
KHELCOM BACHE,64038,DK1870AN,4500.0,non
KHELCOM BACHE,64040,DK6276AE,,non
KHELCOM BACHE,64042,KG3733A,17000.0,non
KHELCOM BACHE,64043,DL7885AM,,non
KHELCOM BACHE,64045,KG2407A,,non
KHELCOM BACHE,64047,TH6588K,,non
KHELCOM BACHE,64169,AA226DR,,non
KHELCOM BACHE,64170,AA815JW,11500.0,non
KHELCOM BACHE,64181,SL8127B,,non
KHELCOM BACHE,64183,DK6198AZ,23500.0,non
KHELCOM BACHE,64184,AA066JG,34000.0,non
KHELCOM BACHE,64185,AA063JG,37500.0,non
KHELCOM BACHE,64186,DK0049S,,non
KHELCOM BACHE,64187,DK4762AL,,non
KHELCOM BACHE,90538,AA612QK,,non
KHELCOM BACHE,90539,SL8126B,23500.0,non
KHELCOM BACHE,90540,AA869RN,33000.0,non
KHELCOM BACHE,90542,AA778RF,48500.0,non
KHELCOM BACHE,109991,AA557SS,31500.0,non
KHELCOM BACHE,109995,AA391SR,,non
KHELCOM BACHE,109996,AA797RZ,18000.0,non
KHELCOM BACHE,109997,AA077SM,3000.0,non
KHELCOM BACHE,109998,AA861SC,6000.0,non
KHELCOM BACHE,109999,AA301XE,,non
KHELCOM BACHE,110000,AA719SN,,non
KHELCOM BACHE,112006,AA553SS,39500.0,non
KHELCOM BACHE,112007,AA095SQ,,non
KHOURY TRANSPORT,12391,DK9279BH,,oui
KHOURY TRANSPORT,12392,DK5044AZ,6000.0,oui
KHOURY TRANSPORT,12393,DK3684BM,18000.0,oui
KHOURY TRANSPORT,12394,DK9207BF,18000.0,oui
KHOURY TRANSPORT,12396,AA582DW,,oui
KHOURY TRANSPORT,12397,DK2654BC,12000.0,oui
KHOURY TRANSPORT,12398,DK9181BF,16000.0,oui
KHOURY TRANSPORT,12399,DK9278BH,15000.0,oui
KHOURY TRANSPORT,12410,AA346AW,6000.0,oui
KHOURY TRANSPORT,12415,DK0695BF,18000.0,oui
KHOURY TRANSPORT,12416,AA347AW,16000.0,oui
KHOURY TRANSPORT,12417,AA600AX,17000.0,oui
KHOURY TRANSPORT,12418,AA402AW,21000.0,oui
KHOURY TRANSPORT,12419,AA409AX,,oui
KHOURY TRANSPORT,15249,DK5042AZ,14000.0,oui
KHOURY TRANSPORT,19415,DK0693BF,18000.0,oui
KHOURY TRANSPORT,28232,DK0690BF,23500.0,oui
KHOURY TRANSPORT,28235,DK0696BF,18000.0,oui
KHOURY TRANSPORT,28317,DK0688BF,32000.0,oui
KHOURY TRANSPORT,28320,DK0686BF,18000.0,oui
KHOURY TRANSPORT,28321,DK0687BF,21000.0,oui
KHOURY TRANSPORT,28322,DK0694BF,6000.0,oui
KHOURY TRANSPORT,30502,AA783AW,,oui
KHOURY TRANSPORT,31481,DK1515AT0,,oui
KHOURY TRANSPORT,33760,AA806EA,,oui
KHOURY TRANSPORT,33785,DK9276BH0,41000.0,oui
KHOURY TRANSPORT,34287,DK1556BL,29000.0,oui
KHOURY TRANSPORT,36338,AA410AX,84000.0,oui
KHOURY TRANSPORT,36411,AA596BW,14000.0,oui
KHOURY TRANSPORT,36954,AA066EF,16500.0,oui
KHOURY TRANSPORT,37828,AA987DT,,oui
KHOURY TRANSPORT,37830,AA146AZ,42500.0,oui
KHOURY TRANSPORT,37832,AA411AX,29500.0,oui
KHOURY TRANSPORT,37835,DK1944BF0,10000.0,oui
KHOURY TRANSPORT,37839,DK0527BL0,32000.0,oui
KHOURY TRANSPORT,37840,DK3817BK,36500.0,oui
KHOURY TRANSPORT,37841,DK3816BK,37000.0,oui
KHOURY TRANSPORT,37843,DK2658BC,74500.0,oui
KHOURY TRANSPORT,37847,AA720RZ,24000.0,oui
KHOURY TRANSPORT,37848,DK8116AZ,27000.0,oui
KHOURY TRANSPORT,37849,DK6774AY,21000.0,oui
KHOURY TRANSPORT,64143,AA582DW0,26000.0,oui
KHOURY TRANSPORT,64206,DK2657BC,20500.0,oui
KHOURY TRANSPORT,64421,DK9182BF,15000.0,oui
KHOURY TRANSPORT,64478,AA939KS,,oui
KHOURY TRANSPORT,64479,AA359KY,32000.0,oui
KHOURY TRANSPORT,64483,DK8996BH,12000.0,oui
KHOURY TRANSPORT,64494,DK5523AR,10000.0,oui
KHOURY TRANSPORT,64495,AA007KS,71000.0,oui
KHOURY TRANSPORT,69745,AA054AX,5000.0,oui
KHOURY TRANSPORT,69746,AA731JS,,oui
KHOURY TRANSPORT,69747,AA996AM,12000.0,oui
KHOURY TRANSPORT,69748,AA180JD0,8000.0,oui
KHOURY TRANSPORT,90805,AA737SG,8000.0,oui
KHOURY TRANSPORT,90827,DK0001BM0,,oui
KHOURY TRANSPORT,90835,DK1943BF,34000.0,oui
KHOURY TRANSPORT,90836,AA415AW,26000.0,oui
KHOURY TRANSPORT,90837,AA112HX,14500.0,oui
KHOURY TRANSPORT,90901,AA881PL,16000.0,oui
KHOURY TRANSPORT,90921,DK9850BB,,oui
KHOURY TRANSPORT,90922,DK2655BC,4000.0,oui
KHOURY TRANSPORT,90923,AA329PY,,oui
KHOURY TRANSPORT,90924,DK6885BF,,oui
KHOURY TRANSPORT,90925,AA758PY,6000.0,oui
KHOURY TRANSPORT,90926,DK3885BE,8000.0,oui
KHOURY TRANSPORT,90927,DK3886BE,,oui
KHOURY TRANSPORT,90928,DK0526BL,3000.0,oui
KHOURY TRANSPORT,90929,AA221RS,4000.0,oui
KHOURY TRANSPORT,90930,AA125KD,10000.0,oui
KHOURY TRANSPORT,90931,AA328FJ,18000.0,oui
KHOURY TRANSPORT,90932,AA977AM0,4000.0,oui
KHOURY TRANSPORT,90933,AA184EX0,34000.0,oui
KHOURY TRANSPORT,90979,AA737RZ,21000.0,oui
KHOURY TRANSPORT,90980,AA931RZ,46000.0,oui
KHOURY TRANSPORT,90981,AA729RZ,6000.0,oui
KHOURY TRANSPORT,90982,AA754RZ,14000.0,oui
KHOURY TRANSPORT,90983,AA933RZ,12000.0,oui
KHOURY TRANSPORT,90984,AA730RZ,15000.0,oui
KHOURY TRANSPORT,90985,AA683NY,10000.0,oui
KHOURY TRANSPORT,90986,DK8988AZ,34000.0,oui
KHOURY TRANSPORT,90987,AA630QA,19000.0,oui
KHOURY TRANSPORT,90988,AA568PB,33000.0,oui
KHOURY TRANSPORT,90989,AA572PB,21000.0,oui
KHOURY TRANSPORT,90990,AA162PB,,oui
KHOURY TRANSPORT,90991,AA160PB,21000.0,oui
KHOURY TRANSPORT,90992,DK7736AY0,15000.0,oui
KHOURY TRANSPORT,90993,AA676RF,18000.0,oui
KHOURY TRANSPORT,90994,DK9131BF,12000.0,oui
KHOURY TRANSPORT,90995,DK9183BF,18000.0,oui
KHOURY TRANSPORT,90997,DK9180BF,,oui
KHOURY TRANSPORT,90998,DK9208BF,15000.0,oui
KHOURY TRANSPORT,90999,DK6445BD,23000.0,oui
KHOURY TRANSPORT,91000,DK5624BL,3000.0,oui
KHOURY TRANSPORT,100732,AA422AX,,oui
KHOURY TRANSPORT,101670,AA331FJ,22000.0,oui
KHOURY TRANSPORT,101671,AA729JS,16500.0,oui
KHOURY TRANSPORT,101672,DK5882BM,47000.0,oui
KHOURY TRANSPORT,101673,AA998VX,24000.0,oui
KHOURY TRANSPORT,101674,AA114KD,17000.0,oui
KHOURY TRANSPORT,101687,AA059EF,56500.0,oui
KHOURY TRANSPORT,101691,DK5880BM,71500.0,oui
KHOURY TRANSPORT,101692,DK9179BF00,57500.0,oui
KHOURY TRANSPORT,101693,DK6927BE,37500.0,oui
KHOURY TRANSPORT,101694,AA483RK,12000.0,oui
KHOURY TRANSPORT,101695,DK0691BF,18000.0,oui
KHOURY TRANSPORT,101696,AA004KS,18000.0,oui
KHOURY TRANSPORT,103346,AA341SS,25500.0,oui
KHOURY TRANSPORT,103347,AA342SV,31000.0,oui
KHOURY TRANSPORT,103348,AA185TK,18000.0,oui
KHOURY TRANSPORT,103349,AA136AZ,45500.0,oui
KHOURY TRANSPORT,103350,DK5877BM,20000.0,oui
KHOURY TRANSPORT,103382,AA987DT,37000.0,oui
KHOURY TRANSPORT,103383,AA939KS,7000.0,oui
KHOURY TRANSPORT,103384,AA731JS,12000.0,oui
KHOURY TRANSPORT,103385,AA409AX,12000.0,oui
KHOURY TRANSPORT,103386,DK9279BH,15000.0,oui
KHOURY TRANSPORT,103158,AA783AW0,,oui
KHOURY TRANSPORT,103159,DK5041AZ,14000.0,oui
KHOURY TRANSPORT,103160,AA117KD,12000.0,oui
KHOURY TRANSPORT,103161,AA131KD,26000.0,oui
KHOURY TRANSPORT,103186,AA730JS,41500.0,oui
KHOURY TRANSPORT,103187,AA984DT,12000.0,oui
KHOURY TRANSPORT,103188,DK9277BH,20500.0,oui
KHOURY TRANSPORT,103189,DK9206BF,25000.0,oui
KHOURY TRANSPORT,103190,AA962CJ,21000.0,oui
KHOURY TRANSPORT,103191,AA575DW,15000.0,oui
KHOURY TRANSPORT,103376,AA675NY,49000.0,oui
KHOURY TRANSPORT,103377,DK8000BF0,,oui
KHOURY TRANSPORT,103503,DK0312BH,21500.0,oui
KHOURY TRANSPORT,103554,AA139KD,15000.0,oui
KHOURY TRANSPORT,104180,AA584DW,24500.0,oui
KHOURY TRANSPORT,104081,AA403AW,18000.0,oui
KHOURY TRANSPORT,104371,AA874QX,,oui
KHOURY TRANSPORT,104372,AA332SS,37500.0,oui
KHOURY TRANSPORT,104494,AA134KD,8000.0,oui
KHOURY TRANSPORT,109960,AA346AW,6000.0,non
KHOURY TRANSPORT,109980,AA400AW,26000.0,non
KHOURY TRANSPORT,109989,DK5202BC0,20000.0,non
KHOURY TRANSPORT,112644,AA723NM,20000.0,oui
KHOURY TRANSPORT,112645,AA005VY,22000.0,oui
KHOURY TRANSPORT,112665,AA733RZ,12000.0,oui
KHOURY TRANSPORT,113514,AB984CT,9000.0,non
KHOURY TRANSPORT,113515,AA423AX0,29500.0,non
KHOURY TRANSPORT,113516,AA681NY,14000.0,non
KHOURY TRANSPORT,113517,AA679NY,,non
KHOURY TRANSPORT,113518,AA680NY,18000.0,non
KHOURY TRANSPORT,113519,AA678NY,5000.0,non
KHOURY TRANSPORT,113520,AA188VD0,27500.0,non
KHOURY TRANSPORT,113521,AA923VX,,non
KHOURY TRANSPORT,113522,AA994VX,16000.0,non
KHOURY TRANSPORT,113523,AA003VY,,non
KHOURY TRANSPORT,113524,AA990VX,,non
KHOURY TRANSPORT,113525,AA926VX,,non
KHOURY TRANSPORT,113526,AA992VX,,non
KHOURY TRANSPORT,113527,AA996VX,,non
LABOREX SENEGAL,13083,AA787BL,,non
LABOREX SENEGAL,80307,AA400MV,9500.0,non
LABOREX SENEGAL,100701,AA326SB0,88000.0,oui
LABOREX SENEGAL,100702,AA021SF,144000.0,oui
LABOREX SENEGAL,100703,AA141TR,30500.0,oui
LABOREX SENEGAL,100704,AA138TR0,166500.0,oui
LABOREX SENEGAL,100705,AA145TR,,oui
LABOREX SENEGAL,100706,AA459TS,6000.0,oui
LABOREX SENEGAL,100707,AAA992TZ,8000.0,oui
LABOREX SENEGAL,100708,AA790JM0,52000.0,oui
LABOREX SENEGAL,100709,AA791JM0,30500.0,oui
LABOREX SENEGAL,100710,AA732KZ,,oui
LABOREX SENEGAL,100711,AA757LT,51000.0,oui
LABOREX SENEGAL,100800,AA123JB0,6000.0,oui
LABOREX SENEGAL,100786,AA755KZ,19500.0,oui
LABOREX SENEGAL,100787,AA683PG0,86500.0,oui
LABOREX SENEGAL,100788,AA261NK,,oui
LABOREX SENEGAL,100789,DK3159BF00,4000.0,oui
LABOREX SENEGAL,100790,DK7795BH0,,oui
LABOREX SENEGAL,100791,AA259JC,,oui
LABOREX SENEGAL,100792,DK9483BL0,,oui
LABOREX SENEGAL,100793,DK5166BM0,3500.0,oui
LABOREX SENEGAL,100794,AA592AA0,21000.0,oui
LABOREX SENEGAL,100795,AA754AE0,12500.0,oui
LABOREX SENEGAL,100796,AA400CJ0,,oui
LABOREX SENEGAL,100797,AA711AY,,oui
LABOREX SENEGAL,100798,AA741FD,,oui
LABOREX SENEGAL,100799,AA133JB0,,oui
LABOREX SENEGAL,104191,DK5165BM,10000.0,oui
LABOREX SENEGAL,106062,AA554AA0,,oui
LABOREX SENEGAL,116455,AB010CV,,non
LABOREX SENEGAL,116456,AB014CV,41500.0,non
LABOREX SENEGAL,116465,AB993CT,114000.0,non
LABOREX SENEGAL,118781,AA538YR,3000.0,non
LDB,90502,AA392DJ0,8000.0,oui
LDB,90503,AA212JL,,oui
LDB,90504,AA691HB,22000.0,oui
LDB,90505,AA400WZ,10500.0,oui
LDB,90506,AA162DN,32000.0,oui
LDB,90507,AA288WK,12500.0,oui
LDB,90508,AA267HQ0,12500.0,oui
LDB,90553,AA605EF0,,oui
LDB,90554,AA602EF,16000.0,oui
LDB,90555,AA171DN,,oui
LDB,90556,AA819BS,4500.0,oui
LDB,90557,AA605EF,36500.0,oui
LDB,90558,AA305GZ,,oui
LDB,90559,AA813BS,20500.0,oui
LDB,90560,AA825DT,,oui
LDB,90736,AA530SQ,18000.0,oui
LDB,90739,AA662LR0,52500.0,oui
LDB,100751,AA166KP0,5500.0,oui
LDB,100752,AA992SA0,,oui
LDB,104030,AA440TJ,29000.0,oui
LDB,106007,AA855KV,20500.0,oui
LDB,109993,AA777CY,23500.0,non
LDB,112720,AA268YW,48500.0,non
LDB,112760,AA499RH,64000.0,oui
LDB,113533,TH7386K0,7000.0,non
LDB,113534,AA949XD,,non
LDB,113535,AA848DB0,3000.0,non
LDB,113611,DK0224BK,3000.0,oui
LDB,116065,AA955XD,,non
LDB,116220,AB808AY0,61000.0,non
LDB,116448,AB654BE,18000.0,non
LDB,118756,AA849QK,,non
LDB,118758,AA848QK0,26000.0,non
LDB,118761,AA265WZ.,,non
LDB,118762,AA947XD,24000.0,non
LANSAR AUTO SUARL,64050,AA351FN0,,oui
LANSAR AUTO SUARL,64052,AA361AM,,oui
LANSAR AUTO SUARL,64055,AA626KW,3000.0,oui
LANSAR AUTO SUARL,64057,CH1140,,oui
LANSAR AUTO SUARL,90722,AA238HP,,oui
LANSAR AUTO SUARL,90723,AA106TL,,oui
LANSAR AUTO SUARL,90724,CH1140,,oui
LANSAR AUTO SUARL,90727,CH9044,,oui
LANSAR AUTO SUARL,90728,AA126TL,9500.0,oui
LANSAR AUTO SUARL,90729,AA119TL,7000.0,oui
LANSAR AUTO SUARL,90734,AA601DR,,oui
LANSAR AUTO SUARL,101726,AA350FN,,oui
LANSAR AUTO SUARL,101727,CH1138,16000.0,oui
LANSAR AUTO SUARL,101728,AA166LT,,oui
LANSAR AUTO SUARL,101731,AA385AM,,oui
LANSAR AUTO SUARL,116216,AA351FN0,17000.0,non
LANSAR AUTO SUARL,116217,AA860VE,6000.0,non
LANSAR AUTO SUARL,116218,DK1447BL,12500.0,non
LANSAR AUTO SUARL,116219,AA372FN,13500.0,non
LANSAR AUTO SUARL,116222,AA361AM,11500.0,non
LAS AIBD,3325,DK1423BE,,oui
LAS AIBD,7241,AA597CV,,oui
LAS AIBD,32689,DK8208BL,,oui
LAS AIBD,37878,DK8206BL,,oui
LAS AIBD,64119,AA443PX,,oui
LAS AIBD,64229,AA436CJ,2000.0,oui
LAS AIBD,69104,11372DV,,oui
LAS AIBD,69346,AA917AL,,oui
LAS AIBD,69866,DK8013BE,,oui
LAS AIBD,88251,AA 240 CH,13000.0,oui
LAS AIBD,88252,AA238CH0,8000.0,oui
LAS AIBD,90547,AA905JGH,63000.0,oui
LAS AIBD,90813,AA443PX,34500.0,oui
LAS AIBD,90705,AA855NL,4000.0,non
LAS AIBD,101793,AA756NY,3000.0,non
LAS AIBD,101794,DK8016BE0,54000.0,non
LAS AIBD,101795,AA534NT,8500.0,non
LAS AIBD,101796,AA531NT,11500.0,non
LAS AIBD,101797,AA051MX0,57000.0,non
LAS AIBD,103392,AA488FK,,non
LAS AIBD,103393,0DK8129BG,6000.0,non
LAS AIBD,103394,AA256NP,2000.0,non
LAS AIBD,103395,DK0015BK,7000.0,non
LAS AIBD,103396,AA494FK,20000.0,non
LAS AIBD,103397,AA538HF,6000.0,non
LAS AIBD,103398,AA136HB,60000.0,non
LAS AIBD,103399,DK1165BF0,,non
LAS AIBD,103152,DK8015BE,,non
LAS AIBD,104244,AA202CH,2000.0,non
LAS AIBD,106015,AA897XT,63000.0,non
LAS AIBD,118780,AA663NV,7500.0,non
MCA,112714,AD0275TTA1,4500.0,non
MCA,112715,3869TTA1,11500.0,non
MCA,112716,3870TTA1,2500.0,non
MCA,112725,3988TTA1,,non
MCA,112726,4447TTA1,3000.0,non
MCA,112727,3873TTA1,,non
MCA,112728,3868TTA1,2500.0,non
MCA,112729,3867TTA1,2500.0,non
MCA,112730,AD0336TTA1,2500.0,non
MCA,112731,AD0334TTA1,7500.0,non
MCA,112732,AD0276TTA1,7500.0,non
MDNC SA,90522,3642TTA1,,oui
MDNC SA,90523,3641TTA1,3000.0,oui
MDNC SA,90524,3640TTA1,3000.0,oui
MDNC SA,90525,AA433LB,,oui
MDNC SA,90526,AA763JD0,,oui
MDNC SA,90561,3662TTA1,,oui
MDNC SA,90562,3661TTA1,,oui
MDNC SA,90563,3660TTA1,,oui
MDNC SA,90564,3659TTA1,,oui
MDNC SA,90565,3657TTA1,,oui
MDNC SA,90566,3656TTA1,,oui
MDNC SA,90567,3655TTA1,,oui
MDNC SA,90568,3654TTA1,3000.0,oui
MDNC SA,90569,3653TTA1,3000.0,oui
MDNC SA,90570,3652TTA1,,oui
MDNC SA,90571,3651TTA1,6000.0,oui
MDNC SA,90572,3650TTA1,,oui
MDNC SA,90573,3649TTA1,,oui
MDNC SA,90575,3648TTA1,,oui
MDNC SA,90576,3647TTA1,,oui
MDNC SA,90577,3646TTA1,,oui
MDNC SA,90578,3645TTA1,,oui
MDNC SA,90579,3644TTA1,,oui
MDNC SA,90580,3643TTA1,,oui
MDNC SA,90581,AA120NY,,oui
MDNC SA,90588,3675TTA1,3000.0,oui
MDNC SA,90589,3674TTA1,3000.0,oui
MDNC SA,90590,3676TTA1,,oui
MDNC SA,90591,3672TTA1,3000.0,oui
MDNC SA,90592,3671TTA1,3000.0,oui
MDNC SA,90593,3670TTA1,,oui
MDNC SA,90594,3669TTA1,,oui
MDNC SA,90595,3668TTA1,,oui
MDNC SA,90596,3667TTA1,,oui
MDNC SA,90597,3666TTA1,,oui
MDNC SA,90598,3665TTA1,,oui
MDNC SA,90599,3664TTA1,3000.0,oui
MDNC SA,90600,3663TTA1,,oui
MDNC SA,90899,AA683HP0,4000.0,oui
MDNC SA,100749,AA038TF,,oui
MDNC SA,112721,AA 437 JQ,,non
MDNC SA,118783,AA880NC,,non
MERCUS,33767,DK4733AB00,,oui
MERCUS,33791,AA498DDX,,oui
MERCUS,33792,AA668DY,,oui
MERCUS,33793,AA176DW,,oui
MERCUS,33794,AA370FD,,oui
MERCUS,33795,AA500FG,,oui
MERCUS,33797,AA924AP,,oui
MERCUS,33799,AA928AP,,oui
MERCUS,90814,AA456ST,158500.0,oui
MERCUS,90815,AA452ST,,oui
MERCUS,90816,AA451ST,146000.0,oui
MERCUS,90817,AA448ST,172500.0,oui
MERCUS,90818,AA753SS,165500.0,oui
MERCUS,103519,AA393VJ,150500.0,oui
MERCUS,104027,AA495DX,,oui
MERCUS,104028,AA926AP,,oui
MERCUS,106057,DK4519AL0,15000.0,oui
MERCUS,112662,AA529XH,4500.0,oui
MERCUS,112663,AA525XH,,oui
MERCUS,112664,AA256XG,6000.0,oui
MERCUS,118747,DK7537BH,17500.0,non
MIYA SENEGAL,69492,AA733KX,11000.0,non
MIYA SENEGAL,69493,AA669KX,,non
MIYA SENEGAL,69499,AA664KX,,non
MIYA SENEGAL,103154,AA421KV,,oui
MIYA SENEGAL,103155,AA409PT,160000.0,oui
MIYA SENEGAL,103181,AA849KC,,oui
MIYA SENEGAL,103182,AA593EE,,oui
MIYA SENEGAL,103183,DK0174BD,,oui
MIYA SENEGAL,103184,AA680KX,,oui
MIYA SENEGAL,103185,AA121BT,,oui
MIYA SENEGAL,103540,AA537MA0,45500.0,oui
MIYA SENEGAL,104202,AA821HZ0,10000.0,oui
MIYA SENEGAL,104302,AA880EQ0,40500.0,oui
NEUROTECH,30775,AA604BN,,oui
NEUROTECH,30776,DK8456BD,15000.0,oui
NEUROTECH,30778,DK8618BD,3000.0,oui
NEUROTECH,30779,AA212BV,3000.0,oui
NEUROTECH,30781,DK0307BCO,,oui
NEUROTECH,30782,DK6979BK,25500.0,oui
NEUROTECH,112719,DK9147QT,3000.0,non
NEUROTECH,112722,AA274BN,,non
NEUROTECH,112723,AA600BN,,non
NEUROTECH,112724,DK8617B,,non
NOUVELLES FRONTIERES DU SENEGAL,36651,DK9421BH,30500.0,oui
NOUVELLES FRONTIERES DU SENEGAL,36746,DK9420BH,10000.0,oui
NOUVELLES FRONTIERES DU SENEGAL,36748,DK7506AT,4500.0,oui
NOUVELLES FRONTIERES DU SENEGAL,69568,DK9654BG,,oui
NOUVELLES FRONTIERES DU SENEGAL,69570,DK0314EX,,oui
NOUVELLES FRONTIERES DU SENEGAL,69571,DK0854EX,,oui
NOUVELLES FRONTIERES DU SENEGAL,69841,AA276LY,,oui
NOUVELLES FRONTIERES DU SENEGAL,104245,AA608RS,,oui
NOUVELLES FRONTIERES DU SENEGAL,104246,AA735AK,,oui
NOUVELLES FRONTIERES DU SENEGAL,104247,AA067AL,,oui
NOUVELLES FRONTIERES DU SENEGAL,104248,AA657BM,107500.0,oui
NOUVELLES FRONTIERES DU SENEGAL,104249,DK1617AY,,oui
NOUVELLES FRONTIERES DU SENEGAL,104260,AA255PX,64000.0,oui
NOUVELLES FRONTIERES DU SENEGAL,104295,AA459NH,62000.0,oui
NOUVELLES FRONTIERES DU SENEGAL,104296,DK7794BH,39000.0,oui
NOUVELLES FRONTIERES DU SENEGAL,104297,AA660LD,46000.0,oui
NOUVELLES FRONTIERES DU SENEGAL,104298,DK8738BK,48000.0,oui
NOUVELLES FRONTIERES DU SENEGAL,104299,AA377NV,90000.0,oui
NOUVELLES FRONTIERES DU SENEGAL,104300,DK4934AZ,,oui
NOUVELLES FRONTIERES DU SENEGAL,106059,AA464MX,71000.0,oui
NOUVELLES FRONTIERES DU SENEGAL,118784,AB772B,92500.0,non
NOUVELLES FRONTIERES DU SENEGAL,118785,AB028BE,104500.0,non
NSIA BANQUE,64561,DK 6117 AY,,oui
NSIA BANQUE,69131,AA963AD0,11000.0,oui
NSIA BANQUE,69132,AA763AA0,,oui
NSIA BANQUE,69135,AA971AD,,oui
NSIA BANQUE,69141,DK7771EF,,oui
NSIA BANQUE,69142,DK4498BC,,oui
NSIA BANQUE,69144,AA690HH,,oui
NSIA BANQUE,69145,DK6117AY0,,oui
NSIA BANQUE,69148,AA701AA0,37000.0,oui
NSIA BANQUE,69149,AA887CP0,,oui
NSIA BANQUE,69150,AA771FF,,oui
NSIA BANQUE,88201,DK2950BF,,oui
NSIA BANQUE,90551,AA452RQ,,oui
NSIA BANQUE,90552,AA055RN,28000.0,oui
NSIA BANQUE,109992,AA887CP,,non
NSIA BANQUE,116020,AB155CQ,,non
ORYX GAZ SENEGAL,104303,AA302BT,1000.0,oui
ORYX GAZ SENEGAL,104304,AA408BT,6000.0,oui
ORYX GAZ SENEGAL,104305,AA313BT,9000.0,oui
ORYX GAZ SENEGAL,104307,AA299BT,3000.0,oui
ORYX GAZ SENEGAL,104308,AA751BN0,7000.0,oui
ORYX GAZ SENEGAL,104471,AA297BT,,oui
ORYX GAZ SENEGAL,104472,AA308BT,,oui
ORYX GAZ SENEGAL,104473,DK0490BA,8000.0,oui
ORYX GAZ SENEGAL,104474,AA350CV,16000.0,oui
ORYX GAZ SENEGAL,104482,AA246MC,,oui
ORYX GAZ SENEGAL,104485,AA668CV,31000.0,oui
ORYX GAZ SENEGAL,118782,AA765WN,14000.0,non
PACIFIC AGENCY,64347,DK 9301 BK,,oui
PACIFIC AGENCY,64348,AA667JF,100500.0,oui
PACIFIC AGENCY,64349,AA611GC,229000.0,oui
PACIFIC AGENCY,64350,AA 612 AL,,oui
PACIFIC AGENCY,69900,AA097ML,,oui
PACIFIC AGENCY,69901,AA 789 LY,14000.0,oui
PACIFIC AGENCY,69902,AA090FB,,oui
PACIFIC AGENCY,69903,MT6060A,,oui
PACIFIC AGENCY,69904,AA764KM,,oui
PACIFIC AGENCY,69905,AA615JZ,,oui
PACIFIC AGENCY,69906,AA653FT,109000.0,oui
PACIFIC AGENCY,69907,AA677JF,41500.0,oui
PACIFIC AGENCY,69908,AA037JA,52000.0,oui
PACIFIC AGENCY,69909,DK3188BM,,oui
PACIFIC AGENCY,69910,AA183GJ,,oui
PACIFIC AGENCY,69911,DK5067BH,,oui
PACIFIC AGENCY,69912,AA146GY,171500.0,oui
PACIFIC AGENCY,69914,AA937JE,122500.0,oui
PACIFIC AGENCY,69979,DK10010EX,83000.0,non
PATISEN,6518,DK-5964-AR,,oui
PATISEN,6523,DK-7981-AG,,oui
PATISEN,6524,DK-9557-AE,,oui
PATISEN,6503,DK-8634-AL,,oui
PATISEN,6502,DK-9507-AS,,oui
PATISEN,6501,DK-8374-BG,,oui
PNA,69483,AD22219,,oui
PNA,69485,DK0043EP54,,oui
PNA,69486,DK0042EP54,,oui
PNA,69487,DK2107EP54,32000.0,oui
PNA,69488,AD23534,27000.0,oui
PNA,69491,DK2026EP540,38000.0,oui
PNA,69809,AD18202,1500.0,oui
PNA,69810,AD22121,42000.0,oui
PNA,69811,DK1871EP54,43500.0,oui
PNA,69812,DK1779EP54,,oui
PNA,69813,DK1302EP54,,oui
PNA,69814,ADWWPNA04,45000.0,oui
PNA,69815,ADWWPNA03,46000.0,oui
PNA,69816,ADWWPNA02,45000.0,oui
PNA,69817,ADWWPNA01,35500.0,oui
PNA,69818,TTD16696,17000.0,oui
PNA,69819,DK0163EP54,19000.0,oui
PNA,69820,DK0165EP54,30000.0,oui
PNA,69980,DK1841EP540,17500.0,oui
PNA,103541,AD20447,27500.0,oui
PLAN INTERNATIONAL ONG,64290,PLAN IT 382,19500.0,oui
PLAN INTERNATIONAL ONG,64291,PLAN IT 381,,oui
PLAN INTERNATIONAL ONG,64292,PLAN IT 281,2000.0,oui
PLAN INTERNATIONAL ONG,64293,PLAN IT 360,,oui
PLAN INTERNATIONAL ONG,64294,PLAN IT 361,2000.0,oui
PLAN INTERNATIONAL ONG,64295,PLAN IT 359,,oui
PLAN INTERNATIONAL ONG,64296,PLAN IT 318,,oui
PLAN INTERNATIONAL ONG,64299,PLAN IT 310,,oui
PLAN INTERNATIONAL ONG,64300,PLAN IT 309,,oui
PLAN INTERNATIONAL ONG,64301,PLAN IT 317,,oui
PLAN INTERNATIONAL ONG,64302,PLAN IT 445,5500.0,oui
PLAN INTERNATIONAL ONG,64305,PLAN IT 298,,oui
PLAN INTERNATIONAL ONG,64306,PLAN IT 446,19000.0,oui
PLAN INTERNATIONAL ONG,64307,PLAN IT 386,20000.0,oui
PLAN INTERNATIONAL ONG,64310,PLAN IT 388,,oui
PLAN INTERNATIONAL ONG,64311,PLAN IT 396,,oui
PLAN INTERNATIONAL ONG,64312,PLAN INT,,oui
PLAN INTERNATIONAL ONG,88216,PLAN IT 447,,oui
PLAN INTERNATIONAL ONG,103378,PLAN IT 319,,oui
PLAN INTERNATIONAL ONG,103379,PLAN IT381,14000.0,oui
PLAN INTERNATIONAL ONG,103380,PLAN IT 383,1000.0,oui
PLAN INTERNATIONAL ONG,103546,PLAN IT 307,14000.0,oui
PLAN INTERNATIONAL ONG,109994,PLAN IT 189,5000.0,non
PLAN INTERNATIONAL ONG,112717,PLAN IT449,15500.0,non
PLAN INTERNATIONAL ONG,112718,PLAN IT 450,11000.0,non
PNUD,90755,1NUCMD001,,oui
PNUD,90756,1NUCD1824,,oui
PNUD,90757,1NUCD1918,,oui
PNUD,90762,1NUCD1843.,,oui
PNUD,90758,1NUIT1857,,oui
PNUD,90759,1NUCD1931,6000.0,oui
PNUD,90760,1NUCD1883,,oui
PNUD,90761,1NUCD1890.,9500.0,oui
PNUD,90763,1NUCD1892,44500.0,oui
PNUD,106094,1NUIT1870,,oui
PNUD,113598,1NUCD1935,59000.0,oui
POLY TRANS,30146,AA135CX,2000.0,oui
POLY TRANS,30148,AA954DE,,oui
POLY TRANS,30149,AA995GK,,oui
POLY TRANS,30150,AA606GQ,,oui
POLY TRANS,38014,KL0880D,,oui
POLY TRANS,38015,KL0827D,,oui
POLY TRANS,38168,AA212FS,,oui
POLY TRANS,38169,AA192FS,,oui
POLY TRANS,38170,AA172FS,,oui
POLY TRANS,38180,KL0823D,,oui
POLY TRANS,38181,KL0822D,,oui
POLY TRANS,38183,KL0821D,,oui
POLY TRANS,38184,KL0727D,,oui
POLY TRANS,38185,AA170FS,,oui
POLY TRANS,38186,AA379EV,,oui
POLY TRANS,38190,KL1358D,,oui
POLY TRANS,38194,KL1357D,,oui
POLY TRANS,38198,KL1356D,,oui
POLY TRANS,38222,KL0824D,,oui
POLY TRANS,38226,KL0826D,,oui
POLY TRANS,38286,KL0724D,,oui
POLY TRANS,38292,KL9392C,,oui
POLY TRANS,38294,KL0351D,,oui
POLY TRANS,38296,KL0509D,,oui
POLY TRANS,69354,AA755JR,,oui
POLY TRANS,69360,AA892JS,,oui
POLY TRANS,69377,AA764JR,,oui
POLY TRANS,106016,AA923MG,26000.0,oui
POLY TRANS,106017,AA264QK,15000.0,oui
POLY TRANS,106018,AA262QK,,oui
POLY TRANS,106019,AA363QL,8000.0,oui
POLY TRANS,106020,AA365QL,11000.0,oui
POLY TRANS,106021,AA366QL,3000.0,oui
POLY TRANS,106022,AA367QL,9000.0,oui
POLY TRANS,106023,AA886QW,9000.0,oui
POLY TRANS,106024,AA887QW,4000.0,oui
POLY TRANS,106025,AA138QZ,27500.0,oui
POLY TRANS,106026,AA616RL,8000.0,oui
POLY TRANS,106027,AA918RL,6000.0,oui
POLY TRANS,106028,AA691SN,6500.0,oui
POLY TRANS,106029,AA701SN,71000.0,oui
POLY TRANS,106030,AA507SQ,12000.0,oui
POLY TRANS,106031,AA369PK,,oui
POLY TRANS,106032,AA410LB,8000.0,oui
POLY TRANS,106033,AA577PE,,oui
POLY TRANS,106034,AA573PE,3000.0,oui
POLY TRANS,106035,AA616NJ,,oui
POLY TRANS,106036,AA175FS,23500.0,oui
POLY TRANS,106037,AA510PP,6000.0,oui
POLY TRANS,106038,AA764NS,4500.0,oui
POLY TRANS,106039,AA458PC,7000.0,oui
POLY TRANS,106040,AA744NB,5000.0,oui
POLY TRANS,106041,AA771NS,20000.0,oui
POLY TRANS,106042,AA366PK,,oui
POLY TRANS,106043,AA893SY,15500.0,oui
POLY TRANS,106044,AA895SY,57000.0,oui
POLY TRANS,106045,AA760LW,,oui
POLY TRANS,106085,AA634RL,6000.0,oui
POLY TRANS,106089,AA683YR,10500.0,oui
POLY TRANS,112646,AA754HB,,oui
POLY TRANS,112647,AA379JR,,oui
POLY TRANS,112653,AA767NS,,oui
POLY TRANS,112654,AA603LN,9000.0,oui
POLY TRANS,112655,AA403KV,16000.0,oui
POLY TRANS,112656,AA819JY,9000.0,oui
POLY TRANS,112657,AA137QZ,15000.0,oui
POLY TRANS,112658,AA178GQ,3000.0,oui
POLY TRANS,112659,AA257QK,16000.0,oui
POLY TRANS,112660,AA500MY,4000.0,oui
RELAX VOYAGE,104218,AA673GP,1500.0,oui
RELAX VOYAGE,104219,AA864GV,,oui
RELAX VOYAGE,104220,AA278WX,,oui
RELAX VOYAGE,104221,AA803NQ,,oui
RELAX VOYAGE,104222,AA084SM,,oui
RELAX VOYAGE,104223,AA247FQ0,3000.0,oui
RELAX VOYAGE,104224,AA864DJ,30500.0,oui
RELAX VOYAGE,104225,AA746KA,,oui
RELAX VOYAGE,104226,AA740KA,,oui
RELAX VOYAGE,104227,AA558RD,145000.0,oui
ROYAL TOURS,64144,AA766NH,25000.0,oui
ROYAL TOURS,101654,DK7892AY,,oui
ROYAL TOURS,101656,AA618TG,40000.0,oui
ROYAL TOURS,101657,DK1093EX,6500.0,oui
ROYAL TOURS,101658,AA439QL,6000.0,oui
ROYAL TOURS,101659,DK1092EX,21500.0,oui
ROYAL TOURS,101675,DK7890AY,,oui
ROYAL TOURS,101676,AA599TK,26500.0,oui
ROYAL TOURS,101677,DK9905AZ,,oui
ROYAL TOURS,101678,AA621TG,19000.0,oui
ROYAL TOURS,101679,DK1077EX,18000.0,oui
ROYAL TOURS,101680,AA819NX,14000.0,oui
ROYAL TOURS,101681,DK1076EX,34000.0,oui
ROYAL TOURS,101682,AA619TG,44500.0,oui
ROYAL TOURS,101683,DK1078EX0,26500.0,oui
ROYAL TOURS,101798,DK7893AY,,oui
ROYAL TOURS,101799,DK7889AY,,oui
SABAT SENEGAL,90871,KG2380A,,oui
SABAT SENEGAL,90872,DK8746BG,,oui
SABAT SENEGAL,90873,AA087RB,,oui
SABAT SENEGAL,90874,AA494CB0,,oui
SABAT SENEGAL,90875,AA391KP,,oui
SABAT SENEGAL,90876,AA572DR,,oui
SABAT SENEGAL,90877,TH5380H,,oui
SABAT SENEGAL,90878,AA435AS,,oui
SABAT SENEGAL,90879,TH6762K,,oui
SABAT SENEGAL,90945,DK6573BK0,,oui
SABAT SENEGAL,90946,AA831QS,,oui
SABAT SENEGAL,90947,DL0355E,,oui
SABAT SENEGAL,90953,AA477MZ,,oui
SABAT SENEGAL,90949,AA374JZ,,oui
SABAT SENEGAL,90951,DK0922AZ,,oui
SABAT SENEGAL,90950,AA618DR,,oui
SABAT SENEGAL,90960,AA948QT,,oui
SABAT SENEGAL,90961,AA994KM,,oui
SABAT SENEGAL,90962,AA768Q,,oui
SABAT SENEGAL,90963,DL5225D,,oui
SABAT SENEGAL,90964,AA059PF,,oui
SABAT SENEGAL,90965,AA534MB,,oui
SABAT SENEGAL,90966,AA821XJ,,oui
SABAT SENEGAL,90967,AA189DP,,oui
SABAT SENEGAL,90969,SL7702B,,oui
SABAT SENEGAL,90968,TH5954G,,oui
SABAT SENEGAL,90970,DK0101BA,,oui
SABAT SENEGAL,90971,AA700DT,,oui
SABAT SENEGAL,90972,AA400DT,,oui
SABAT SENEGAL,90973,AA500JX,,oui
SABAT SENEGAL,90974,KL0909C0,,oui
SABAT SENEGAL,90975,AA624EV0,,oui
SABAT SENEGAL,90976,AA373FX,,oui
SABAT SENEGAL,90977,AA196NY0,,oui
SAGAM SECURITE,64417,AA230CP,,oui
SAGAM SECURITE,64444,AA575CN,6000.0,oui
SAGAM SECURITE,69001,DK6416AH,11000.0,oui
SAGAM SECURITE,69002,DK1867BE,,oui
SAGAM SECURITE,69003,DK1863BE,7000.0,oui
SAGAM SECURITE,69004,AA912CB,,oui
SAGAM SECURITE,69005,AA914CB,,oui
SAGAM SECURITE,69006,AA054GQ,21500.0,oui
SAGAM SECURITE,69007,AA052GQ,,oui
SAGAM SECURITE,69011,DK0745BL,25500.0,oui
SAGAM SECURITE,69012,DK0580BL,28500.0,oui
SAGAM SECURITE,69013,DK0579BL,,oui
SAGAM SECURITE,69016,DK6415AH,,oui
SAGAM SECURITE,69020,DK1864BE,1000.0,oui
SAGAM SECURITE,69024,DK4394AE,,oui
SAGAM SECURITE,69025,AA327FF,12000.0,oui
SAGAM SECURITE,69031,DK0582BL,,oui
SAGAM SECURITE,69033,DK1862BE,,oui
SAGAM SECURITE,69040,DK6355AG,8500.0,oui
SAGAM SECURITE,69041,DK0564BE,9000.0,oui
SAGAM SECURITE,69043,DK0581BL,8000.0,oui
SAGAM SECURITE,69044,DK7918AL,,oui
SAGAM SECURITE,69046,AA048GQ,26500.0,oui
SAGAM SECURITE,69047,AA058GQ,25000.0,oui
SAGAM SECURITE,69049,DK7916AL,,oui
SAGAM SECURITE,69050,DK7917AL,23500.0,oui
SAGAM SECURITE,91033,AA 509 CS,1000.0,oui
SAGAM SECURITE,109945,DK0582BL0,65500.0,non
SAGAM SECURITE,118787,AA524CS,13000.0,non
SAGAM SECURITE,118788,AA030YY,6000.0,non
SAGAM SECURITE,112009,AA315ML,24000.0,non
SAGAM SECURITE,112611,AA808SS,25500.0,oui
SAGAM SECURITE,116018,AB780CZ,7500.0,non
SAGAM SECURITE,116019,AB781CZ,37500.0,non
SAGAM SECURITE,118723,AA260NS,20500.0,non
SAGAM SECURITE,118728,AA416YB,3000.0,non
SAGAM SECURITE,118729,AA550CS,4000.0,non
SAREQ GROUP,64110,DK2000BM0,,oui
SAREQ GROUP,69545,TH5078G,,oui
SAREQ GROUP,69546,TH8256AP,,oui
SAREQ GROUP,69547,AA003RH,6000.0,oui
SAREQ GROUP,69561,DK2000BK,3000.0,oui
SAREQ GROUP,69562,DK3362AL,,oui
SAREQ GROUP,69563,TH1679F,,oui
SAREQ GROUP,69564,DK5004AU,,oui
SAREQ GROUP,69565,DK2794AZ,,oui
SAREQ GROUP,69566,DK2200BM,,oui
SAREQ GROUP,69567,TH4101F,,oui
SAREQ GROUP,69583,AA267JC,,oui
SAREQ GROUP,69584,0593EX,2500.0,oui
SAREQ GROUP,69585,TH3360G,,oui
SAREQ GROUP,69586,TH9764H,,oui
SAREQ GROUP,69587,DK5489AS,,oui
SAREQ GROUP,69588,AA259HL,,oui
SAREQ GROUP,69590,DK8256AP,,oui
SAREQ GROUP,69591,DK3606AY,,oui
SAREQ GROUP,69592,AB236AB,11500.0,oui
SAREQ GROUP,69597,AA417BX,,oui
SENAC SA,64122,AA174QA,9000.0,oui
SENAC SA,64125,AA647PG,70500.0,oui
SENAC SA,64314,AA106EP,,oui
SENAC SA,64315,AA239XA,9000.0,oui
SENAC SA,64336,AA967EM,,oui
SENAC SA,64337,AA436AX,10500.0,oui
SENAC SA,64303,AA334KD,2000.0,oui
SENAC SA,64333,DK5256BB,,oui
SENAC SA,64332,AA179NH,7000.0,oui
SENAC SA,64576,AA269QJ,24000.0,oui
SENAC SA,64578,AA687HV,3000.0,oui
SENAC SA,69305,DK6304AM,,oui
SENAC SA,69311,AA987DH,70000.0,oui
SENAC SA,69312,AA086BP,37000.0,oui
SENAC SA,69314,AA727FP,,oui
SENAC SA,69315,AA581GV,9500.0,oui
SENAC SA,69316,DK0823AK,,oui
SENAC SA,69317,DK4077BE,,oui
SENAC SA,69318,DK6042AC,7500.0,oui
SENAC SA,69319,DK4942AE,,oui
SENAC SA,69320,DK4200AF,,oui
SENAC SA,69355,DK1649BK,71000.0,oui
SENAC SA,69356,AA953EM,28000.0,oui
SENAC SA,69369,AA590GV,54500.0,oui
SENAC SA,69532,AA179HG,7500.0,oui
SENAC SA,69533,DK5192AM,1500.0,oui
SENAC SA,69683,AA927KN,86000.0,oui
SENAC SA,69697,AA923KN,95500.0,oui
SENAC SA,69728,AA096KR,75500.0,oui
SENAC SA,90527,AA105RP,96000.0,oui
SENAC SA,90528,AA292RG,62000.0,oui
SENAC SA,101617,AA784TP,75000.0,oui
SENAC SA,106060,AA269WZ,66000.0,oui
SENAC SA,106061,AA263SD,,oui
SENAC SA,112612,AA073KM,25500.0,oui
SENAC SA,112650,AA282XG,20000.0,oui
SENAC SA,109985,DK72150BD,14000.0,non
SENAC AUCHAN,2368,DK4202BF,,oui
SENAC AUCHAN,12127,DK1760BL,,oui
SENAC AUCHAN,26266,DK7430BH,,oui
SENAC AUCHAN,27490,DK4490BK,,oui
SENAC AUCHAN,30134,AA465BT,,oui
SENAC AUCHAN,30799,DK4226BM,,oui
SENAC AUCHAN,31567,AA442EE,5500.0,oui
SENAC AUCHAN,32642,AA453BT,,oui
SENAC AUCHAN,32645,AA562FW,10000.0,oui
SENAC AUCHAN,38002,DK8457BF,3500.0,oui
SENAC AUCHAN,38007,AA256FD,,oui
SENAC AUCHAN,38008,AA484EH,,oui
SENAC AUCHAN,38009,DK7265BF,,oui
SENAC AUCHAN,38010,TH5482D,,oui
SENAC AUCHAN,38012,AA-646-BD,,oui
SENAC AUCHAN,38013,DK4225BM,,oui
SENAC AUCHAN,38030,AA648BD0,,oui
SENAC AUCHAN,38167,AA456DD,,oui
SENAC AUCHAN,38171,DK7665BA,,oui
SENAC AUCHAN,38172,DK4099BF0,,oui
SENAC AUCHAN,38179,DK6741BF,,oui
SENAC AUCHAN,38251,AA449EH,,oui
SENAC AUCHAN,38258,AA356BD,,oui
SENAC AUCHAN,38264,AA118AH,,oui
SENAC AUCHAN,38270,DK4507AX,43000.0,oui
SENAC AUCHAN,38272,AA458DD00,3000.0,oui
SENAC AUCHAN,38273,DK8688BE,,oui
SENAC AUCHAN,38274,AA736GQ,86000.0,oui
SENAC AUCHAN,38298,AA450EH0,,oui
SENAC AUCHAN,38300,DK4097BF0,,oui
SENAC AUCHAN,64142,DK2943BA,,oui
SENAC AUCHAN,64583,AA532QH,,oui
SENAC AUCHAN,69125,DK8956AZ,,oui
SENAC AUCHAN,69129,DK2027AX,,oui
SENAC AUCHAN,69602,AA048KR,,oui
SENAC AUCHAN,69716,AA216KX,,oui
SENAC AUCHAN,69955,AA379KC,,oui
SENAC AUCHAN,90862,AA842QB,,oui
SENAC AUCHAN,90863,AA845QB,,oui
SENAC AUCHAN,90864,AA846QB,,oui
SENAC AUCHAN,90865,AA737AD,8000.0,oui
SENAC AUCHAN,90786,AA729TB,22000.0,oui
SENAC AUCHAN,90785,AA727TB,6000.0,oui
SENAC AUCHAN,90730,AA456DD0,7500.0,oui
SENAC AUCHAN,90731,AA465BT0,1500.0,oui
SENAC AUCHAN,90732,AA484EH0,,oui
SENAC AUCHAN,90742,AA813TN,6000.0,oui
SENAC AUCHAN,103542,AA781PR,,oui
SENAC AUCHAN,103543,AA635HP,4000.0,oui
SENAC AUCHAN,106008,AA233LR,21000.0,oui
SENAC AUCHAN,106053,DK9554BH,,oui
SENAC AUCHAN,106066,AA262LR,77500.0,oui
SENAC AUCHAN,106067,AA985AX,47000.0,oui
SENAC AUCHAN,106078,AA379KC0,12000.0,oui
SENAC AUCHAN,106082,AA535QH,68000.0,oui
SENAC AUCHAN,106086,DK2955BK,43000.0,oui
SENAC AUCHAN,106088,DK0985BH,66000.0,oui
SENAC AUCHAN,106090,DK4057AP,12000.0,oui
SENAC AUCHAN,106091,AA471LN,3000.0,oui
SENAC AUCHAN,106092,AA451EH,7000.0,oui
SENAC AUCHAN,109947,AB927AC,,non
SENAC AUCHAN,112712,AA184HM,,non
SENAC AUCHAN,112713,AA370LZ,,non
SENAC AUCHAN,112749,DK5905BK,46000.0,oui
SENAC AUCHAN,112751,AA173LQ,3000.0,oui
SENAC AUCHAN,113559,DK4490BK0,,non
SENECARTOURS,7076,DK4444BM0,,oui
SENECARTOURS,25892,DK3453BH,,oui
SENECARTOURS,25898,DK9149AG0,,oui
SENECARTOURS,25902,DK2951BK0,,oui
SENECARTOURS,25903,DK2950BK0,,oui
SENECARTOURS,29611,AA206NP,,oui
SENECARTOURS,29617,DK0786BG,,oui
SENECARTOURS,29619,DK9798BL,,oui
SENECARTOURS,29622,DK9797BL,,oui
SENECARTOURS,29623,DK9796BL,,oui
SENECARTOURS,29637,DK0169BH0,,oui
SENECARTOURS,29682,DK2445BH,,oui
SENECARTOURS,29683,DK2446BH,,oui
SENECARTOURS,29684,DK8589BL,,oui
SENECARTOURS,29727,DK4114AG,,oui
SENECARTOURS,29729,DK2949BK,,oui
SENECARTOURS,29730,DK3452BH,,oui
SENECARTOURS,29732,DK3451BH,,oui
SENECARTOURS,30393,DK1705BB,,oui
SENECARTOURS,30394,DK1708BB,,oui
SENECARTOURS,30395,DK2439BH,,oui
SENECARTOURS,30398,DK2442BH,,oui
SENECARTOURS,30399,DK2442BH0,,oui
SENECARTOURS,30400,DK2445BH0,,oui
SENECARTOURS,30540,DK0780BG,,oui
SENECARTOURS,30743,DK0166BH00,,oui
SENECARTOURS,30754,DK3450BH,5000.0,oui
SENECARTOURS,30755,DK3457BH,,oui
SENECARTOURS,30756,DK8812BL,,oui
SENECARTOURS,30758,DK8820BL,,oui
SENECARTOURS,30759,DK9781BL,,oui
SENECARTOURS,30760,DK9782BL,,oui
SENECARTOURS,30761,DK9784BL,,oui
SENECARTOURS,30766,DK9795BL0,,oui
SENECARTOURS,30767,DK9796BL0,,oui
SENECARTOURS,32335,DK3900BB00,,oui
SENECARTOURS,37813,AA886FK,,oui
SENECARTOURS,37815,AA586EQ,,oui
SENECARTOURS,37818,AA581EQ,,oui
SENECARTOURS,38255,DK0783BG,,oui
SENECARTOURS,64189,AA803HR,,oui
SENECARTOURS,64190,AA531MA,,oui
SENECARTOURS,69253,AA631DS0,,oui
SENECARTOURS,69419,AA342MH,,oui
SENECARTOURS,69422,DK2444BH,,oui
SENECARTOURS,69424,DK2441BH,,oui
SENECARTOURS,69428,AA718KC,5000.0,oui
SENECARTOURS,69429,AA713KC,,oui
SENECARTOURS,69430,AA710KC,,oui
SENECARTOURS,69432,AA706KC,10500.0,oui
SENECARTOURS,69433,AA704KC,,oui
SENECARTOURS,69442,AA409HD,,oui
SENECARTOURS,69446,DK0758BH0,5000.0,oui
SENECARTOURS,69449,DK0170BH0,,oui
SENECARTOURS,69450,DK0169BH,,oui
SENECARTOURS,69452,DK0167BH0,,oui
SENECARTOURS,69453,DK0166BH0,24500.0,oui
SENECARTOURS,69455,AA697KC,,oui
SENECARTOURS,69456,AA695KC,,oui
SENECARTOURS,69458,DK3456BH,,oui
SENECARTOURS,69459,DK3455BH,,oui
SENECARTOURS,69460,DK3449BH,,oui
SENECARTOURS,69468,AA510AB,1000.0,oui
SENECARTOURS,69469,AA585EQ,,oui
SENECARTOURS,69474,AA551GX,,oui
SENECARTOURS,69480,AA454NS,,oui
SENECARTOURS,69826,AA103GW,,oui
SENECARTOURS,90787,AA926NW0,34500.0,oui
SENECARTOURS,90701,AA919PS,6000.0,oui
SENECARTOURS,90702,AA135TG,,oui
SENECARTOURS,90703,AA130TG,1500.0,oui
SENECARTOURS,90735,AA837HB,,oui
SENECARTOURS,90768,AA127TG,,oui
SENECARTOURS,90769,AA342MH,,oui
SENECARTOURS,90770,DK8589BL,,oui
SENECARTOURS,90771,AA531MA,,oui
SENECARTOURS,90772,AA454NS,,oui
SENECARTOURS,90773,AA206NP,29000.0,oui
SENECARTOURS,90774,DK0170BH0,11000.0,oui
SENECARTOURS,90775,DK0167BH0,3500.0,oui
SENECARTOURS,90776,AA409HD,,oui
SENECARTOURS,90777,DK3449BH,7500.0,oui
SENECARTOURS,90778,DK2441BH,13500.0,oui
SENECARTOURS,90779,DK3455BH,,oui
SENECARTOURS,90780,AA713KC,3000.0,oui
SENECARTOURS,90781,AA710KC,4000.0,oui
SENECARTOURS,90782,AA704KC,,oui
SENECARTOURS,90783,AA697KC,20000.0,oui
SENECARTOURS,90784,AA695KC,25000.0,oui
SENECARTOURS,90796,AA921PS,22000.0,oui
SENECARTOURS,90797,AA924PS,20500.0,oui
SENECARTOURS,101618,AA631DS0,,oui
SENECARTOURS,101619,AA101GW,25500.0,oui
SENECARTOURS,101621,AA542LW,,oui
SENECARTOURS,101622,AA638MX,,oui
SENECARTOURS,101623,AA802MQ,,oui
SENECARTOURS,101624,AA736KC,4500.0,oui
SENECARTOURS,101625,AA707KC,,oui
SENECARTOURS,101626,AA692KC,13000.0,oui
SENECARTOURS,101628,DK0171BH,,oui
SENECARTOURS,101655,AA616KQ,13000.0,oui
SENECARTOURS,101697,AA060SJ,15000.0,oui
SENECARTOURS,101701,AA628DS0,10000.0,oui
SENECARTOURS,101702,AA584EQ,11000.0,oui
SENECARTOURS,101703,AA635DS0,,oui
SENECARTOURS,101704,AA587EQ,,oui
SENECARTOURS,101705,AA646JF,,oui
SENECARTOURS,101706,AA406NJ,44500.0,oui
SENECARTOURS,101707,DK2446BH0,21000.0,oui
SENECARTOURS,101708,AA965JL,,oui
SENECARTOURS,101709,AA612KQ,2000.0,oui
SENECARTOURS,101710,AA559GX,30500.0,oui
SENECARTOURS,101711,AA565GX,22000.0,oui
SENECARTOURS,101712,AA972JL,3000.0,oui
SENECARTOURS,101713,AA969JL,15500.0,oui
SENECARTOURS,101714,AA100GR,,oui
SENECARTOURS,101715,DK1937BM,,oui
SENECARTOURS,101716,AA701KC,11000.0,oui
SENECARTOURS,101717,DK2440BH,23500.0,oui
SENECARTOURS,101718,AA649JF,20500.0,oui
SENECARTOURS,101719,AA444EA,2000.0,oui
SENECARTOURS,101720,AA620KQ,20500.0,oui
SENECARTOURS,101721,DK2443BH,6000.0,oui
SENECARTOURS,101722,DK0168BH0,,oui
SENECARTOURS,101723,DK9148AG0,,oui
SENECARTOURS,101724,DK0787BG0,,oui
SENECARTOURS,101725,DK2110BM,,oui
SENECARTOURS,103147,AA908SH,19000.0,oui
SENECARTOURS,103148,AA921SH,,oui
SENECARTOURS,103149,DK0756BH0,,oui
SENECARTOURS,103150,AA105GR,,oui
SENECARTOURS,103305,AA243TN,,oui
SENECARTOURS,103306,DK8589BL0,,oui
SENECARTOURS,103307,DK1937BM0,,oui
SENECARTOURS,103308,AA510AB0,,oui
SENECARTOURS,103320,AA396NX,92000.0,oui
SENECARTOURS,103321,AA409NJ,40000.0,oui
SENECARTOURS,103322,AA387NX,75500.0,oui
SENECARTOURS,103323,AA929NW,26500.0,oui
SENECARTOURS,103324,AA402NJ,25000.0,oui
SENECARTOURS,103325,AA948FZ,11000.0,oui
SENECARTOURS,103326,AA391NX,54500.0,oui
SENECARTOURS,103327,AA004PB,9000.0,oui
SENECARTOURS,104141,AA729QD,,oui
SENECARTOURS,104142,AA727QD,,oui
SENECARTOURS,104143,AA720QD,,oui
SENECARTOURS,104144,AA717QD,,oui
SENECARTOURS,104145,AA708QD,11000.0,oui
SENECARTOURS,104146,AA688QD,4000.0,oui
SENECARTOURS,104147,AA412WR,,oui
SENECARTOURS,104148,AA408WR,3500.0,oui
SENECARTOURS,104149,AA406WR,,oui
SENECARTOURS,104150,AA405WR,,oui
SENECARTOURS,104265,AA128TG,,oui
SENECARTOURS,104463,DK2306BL,4500.0,oui
SENECARTOURS,104464,AA923NW0,5000.0,oui
SENECARTOURS,104465,AA145HK,,oui
SENECARTOURS,104466,DK0302BH0,8000.0,oui
SENECARTOURS,104467,AA723KC,,oui
SENECARTOURS,104468,DK3448BH,12500.0,oui
SENECARTOURS,104469,AA570GX,,oui
SENECARTOURS,104470,AA104GW,,oui
SENECARTOURS,116454,AB754BT,3000.0,non
SENECARTOURS,116453,AB760BT,,non
SENECARTOURS,116452,AB757BT,,non
SENECARTOURS,116451,AB751BT,6000.0,non
SENECARTOURS,116223,AA418DN,,non
SENELEC,6258,AA049AQ,16500.0,oui
SENELEC,6509,DK2758BH,,oui
SENELEC,6519,AA902AP,26000.0,oui
SENELEC,6520,DK1214BM,,oui
SENELEC,6522,DK7145AR,,oui
SENELEC,6525,AA974BR,,oui
SENELEC,6527,AA110AN,6000.0,oui
SENELEC,6528,AA136AN,2000.0,oui
SENELEC,6634,DK4724AU0,,oui
SENELEC,6720,AA899AP,10000.0,oui
SENELEC,13155,DK5563AN,,oui
SENELEC,13156,DK8235BE,,oui
SENELEC,13192,DK3135BM,,non
SENELEC,13193,DK1070EX,,oui
SENELEC,13194,AA587AK,9000.0,oui
SENELEC,13195,AA547BA,,oui
SENELEC,13196,AA554BA,,oui
SENELEC,13704,AA654AK,4000.0,oui
SENELEC,13705,AA653AA0,,oui
SENELEC,13707,DK0729EX,,oui
SENELEC,13708,AA650AK,21500.0,oui
SENELEC,13709,AA221BQ,13500.0,oui
SENELEC,13710,DK7147AR,,oui
SENELEC,13727,AA116AN,,oui
SENELEC,13729,AA480AR,,oui
SENELEC,25406,DK5741BM,,oui
SENELEC,25423,9342TTD1,,oui
SENELEC,25424,DK3176BC,,oui
SENELEC,25440,AA536BA,10000.0,oui
SENELEC,25451,DK3179BC,,oui
SENELEC,25452,DK6806BC,,oui
SENELEC,25454,AA483AL,9000.0,oui
SENELEC,25455,DK8987BH,,oui
SENELEC,25456,AA532BA,,oui
SENELEC,25458,AA571BA,,oui
SENELEC,25460,DK6808BC,,oui
SENELEC,25462,DK8538BC,,oui
SENELEC,25463,DK6909BC,,non
SENELEC,25464,DK3881BC,,oui
SENELEC,25466,DK8237BE,,oui
SENELEC,25468,DK5646BD,,oui
SENELEC,25469,DK9358TTD1,,oui
SENELEC,25470,DK4683AR,,oui
SENELEC,25494,DK6518BB,,oui
SENELEC,25502,DK1478BH,,oui
SENELEC,25504,DK6917BC,,oui
SENELEC,25506,DK3882BC,,oui
SENELEC,25512,DK7935BM,,oui
SENELEC,25517,DK0916BA,,oui
SENELEC,25518,DK0305BG,,oui
SENELEC,25520,DK8313AN,,oui
SENELEC,25529,AA096BZ,15500.0,oui
SENELEC,25539,DK6337BH,,oui
SENELEC,25540,DK8990BH,1000.0,oui
SENELEC,25548,DK7639BC,,oui
SENELEC,29562,DK6521BB,,oui
SENELEC,29610,DK0909BA,,oui
SENELEC,29627,DK7628BF,9500.0,oui
SENELEC,29641,DK6921BC,,oui
SENELEC,29642,DK6924BC,,oui
SENELEC,29643,DK7129AU,,oui
SENELEC,29652,DK5449BK0,,oui
SENELEC,29654,AA725BL,,oui
SENELEC,29655,DK6920BC,17000.0,oui
SENELEC,29660,DK8988BH,,oui
SENELEC,29662,DK6912BC,,oui
SENELEC,29667,DK0905BA,6000.0,oui
SENELEC,29668,DK0906BA,,oui
SENELEC,29669,DK5638BD,18000.0,oui
SENELEC,29670,AA538BA,,oui
SENELEC,29671,AA535BA,,oui
SENELEC,29673,DK6906BC,,oui
SENELEC,29674,DK8539BC,,oui
SENELEC,29675,AA550BA,6000.0,oui
SENELEC,29676,AA559BA,,oui
SENELEC,29678,AA569BA,10000.0,oui
SENELEC,29679,AA568BA,4500.0,oui
SENELEC,29690,DK5560AN,,oui
SENELEC,29720,DK9143BH,,oui
SENELEC,29721,DK8537BC,,oui
SENELEC,29722,AA506AR,15000.0,oui
SENELEC,29748,DK3185BC,7000.0,oui
SENELEC,29754,DK8535BC,,oui
SENELEC,29755,DK7207BG,10500.0,oui
SENELEC,29760,DK6220BB,,oui
SENELEC,29764,DK7206BG,,oui
SENELEC,29773,DK8540BC,,oui
SENELEC,29796,DK4752BG,,oui
SENELEC,30709,AA424DQ,14000.0,oui
SENELEC,30711,AA389DQ,,oui
SENELEC,30717,DK8239BE0,,oui
SENELEC,30718,DK8238BE0,9500.0,oui
SENELEC,30719,AA360DQ,21000.0,oui
SENELEC,30720,AA475EA,,oui
SENELEC,30721,AA064DY,3000.0,oui
SENELEC,30722,DK1411BM,,oui
SENELEC,30723,AA902DT,,oui
SENELEC,30724,AA002DT,3000.0,oui
SENELEC,30725,AA344DQ,,oui
SENELEC,30726,AA357DQ,,oui
SENELEC,30747,AA962CR,12000.0,oui
SENELEC,30748,AA068BZ,9500.0,oui
SENELEC,30749,AA096BZ0,16500.0,oui
SENELEC,30750,AA228CH,,oui
SENELEC,32618,AA346DQ,,oui
SENELEC,32629,DK5610BD0,,oui
SENELEC,32630,DK5608BD0,,oui
SENELEC,32631,DK1740AP0,,oui
SENELEC,32632,AA364DQ,,oui
SENELEC,32633,DK5738BM0,,oui
SENELEC,32634,AA078BZ0,,oui
SENELEC,32649,AA452BZ,14000.0,oui
SENELEC,32650,DK5609BD,,oui
SENELEC,34405,DK6260BG0,2000.0,oui
SENELEC,64079,AA621NB,27000.0,oui
SENELEC,64082,AA776NJ,29500.0,oui
SENELEC,64083,AA781NJ,9000.0,oui
SENELEC,64084,AA774NJ,19000.0,oui
SENELEC,64090,DK7797JT,,oui
SENELEC,64091,AA176JT,,oui
SENELEC,64092,AA174JT,,oui
SENELEC,64094,AA597BA,18500.0,oui
SENELEC,64095,KL2236C,16000.0,oui
SENELEC,64096,AA622DH0,12000.0,oui
SENELEC,64097,AA624DH0,23000.0,oui
SENELEC,64098,DK5562AN,,oui
SENELEC,64246,AA802MT,31500.0,oui
SENELEC,69256,AA228CH0,,oui
SENELEC,69257,9677TTD10,,oui
SENELEC,69262,DK5645BD,6500.0,oui
SENELEC,69263,DK5642BD,,oui
SENELEC,69264,AA050EM,,oui
SENELEC,69266,AA366DQ,,oui
SENELEC,69267,DK7937BM,,oui
SENELEC,69268,AA574FS,,oui
SENELEC,69269,AA571FS,,oui
SENELEC,69270,DK3886BC,3000.0,oui
SENELEC,69271,AA363DQ,11000.0,oui
SENELEC,69272,AA498DJ,7000.0,oui
SENELEC,69273,AA373DQ,,oui
SENELEC,69274,DK6159AN,,oui
SENELEC,69277,AA352DQ,10500.0,oui
SENELEC,69278,AA966DG,20500.0,oui
SENELEC,69279,AA962DG,3000.0,oui
SENELEC,69282,AA496DJ,18500.0,oui
SENELEC,69283,AA354DQ,7500.0,oui
SENELEC,69828,AA556AR,13000.0,oui
SENELEC,69829,AA824AQ,2000.0,oui
SENELEC,69830,AA861DS,,oui
SENELEC,69831,AA829DS,,oui
SENELEC,69832,AA850HV,13000.0,oui
SENELEC,69833,AA361BX,,oui
SENELEC,69834,AA342DX,3500.0,oui
SENELEC,69835,AA132JD,10000.0,oui
SENELEC,69836,AA912DX,,oui
SENELEC,69837,AA171JD,20000.0,oui
SENELEC,69838,AA050DV,,oui
SENELEC,69839,DK2026BA,,oui
SENELEC,69840,AA176JD,15000.0,oui
SENELEC,69843,AA345DQ,,oui
SENELEC,69844,AA202LV,,oui
SENELEC,69845,AA214BS,26500.0,oui
SENELEC,69846,AA209BV,19000.0,oui
SENELEC,69847,AA646BK,11500.0,oui
SENELEC,69848,AA638DK,16500.0,oui
SENELEC,69849,AA174JD,,oui
SENELEC,69850,AA173JD,,oui
SENELEC,69851,AA186JT,4500.0,oui
SENELEC,69852,DK4727AU,1000.0,oui
SENELEC,69853,DK5632BD,,oui
SENELEC,69854,DK5805BB,4500.0,oui
SENELEC,69855,AA168JD,7000.0,oui
SENELEC,69856,AA001EV,21000.0,oui
SENELEC,69857,AA611JX,27000.0,oui
SENELEC,69858,AA615JX,17000.0,oui
SENELEC,69859,AA577JX,10500.0,oui
SENELEC,69860,AA575JX,12000.0,oui
SENELEC,88243,DK6336BH,6000.0,oui
SENELEC,90529,AA389DQ,14000.0,oui
SENELEC,90707,9666TTD1,,oui
SENELEC,90708,DK5646BD0,,oui
SENELEC,90709,AA176JT0,,oui
SENELEC,90710,9667TTD1,,oui
SENELEC,90711,9674TTD10,3000.0,oui
SENELEC,90712,9682TTD10,,oui
SENELEC,90713,AA811SD,11500.0,oui
SENELEC,90714,AA278SA,7000.0,oui
SENELEC,90715,AA276SB,,oui
SENELEC,90716,AA974BR0,23000.0,oui
SENELEC,90717,DK1832AP,6500.0,oui
SENELEC,90718,DK7639BC0,,oui
SENELEC,90719,DK0305BG0,,oui
SENELEC,90720,AA393BN,,oui
SENELEC,103520,AA983JR,,oui
SENELEC,103521,3057EX,11000.0,oui
SENELEC,103522,3053EX,,oui
SENELEC,103523,3054EX,16000.0,oui
SENELEC,103524,AA177JD,,oui
SENELEC,103525,AA179JD,19000.0,oui
SENELEC,103526,AA034FW,6500.0,oui
SENELEC,103527,DK4752BG0,7000.0,oui
SENELEC,103528,AA800HV,,oui
SENELEC,103529,3088EX,,oui
SENELEC,103530,3087EX,,oui
SENELEC,103531,AA155TY,9000.0,oui
SENELEC,103532,3085EX,21500.0,oui
SENELEC,103533,3086EX,26000.0,oui
SENELEC,103534,AA171TB,23000.0,oui
SENELEC,103535,AA168TB,8500.0,oui
SENELEC,103536,AA167TB,21500.0,oui
SENELEC,103537,AA166TB,13500.0,oui
SENELEC,103547,AA798AQ0,,oui
SENELEC,104346,DK6731AN,21000.0,oui
SENELEC,104347,AA117JY,21000.0,oui
SENELEC,104348,AA617HR0,4000.0,oui
SENELEC,104349,3056EX,17000.0,oui
SENELEC,104351,DK8236BE,,oui
SENELEC,104352,DK6807BC,,oui
SENELEC,104353,AA582AG0,2000.0,oui
SENELEC,104354,DK7797BB,13500.0,oui
SENELEC,104355,AA362DQ,11000.0,oui
SENELEC,104356,DK3175BC,3500.0,oui
SENELEC,104357,DK5628BD0,,oui
SENELEC,104358,AA230JC,17000.0,oui
SENELEC,104359,DK8991BH,1500.0,oui
SENELEC,104360,AA722DV,4000.0,oui
SENELEC,104361,AA348DQ,19500.0,oui
SENELEC,104362,DK8235BE0,6000.0,oui
SENELEC,104363,AA659NB,3000.0,oui
SENELEC,104364,DK2868BH,,oui
SENELEC,104365,DK8239BE00,,oui
SENELEC,104366,AA413BJ,9000.0,oui
SENELEC,104367,AA664NB,,oui
SENELEC,104368,AA386DQ,8000.0,oui
SENELEC,106054,AA225JS0,12500.0,oui
SENELEC,106058,DK0679AZ,,oui
SENELEC,109971,AA133BT,7000.0,non
SDT,90838,DK0971EX,,oui
SDT,90839,DK0973EX0,74000.0,oui
SDT,90840,DK0970EX0,10500.0,oui
SDT,90841,AA086WF,,oui
SDT,90842,DK0371EX0,26000.0,oui
SDT,90843,DK2448BG0,31000.0,oui
SDT,90845,AA892RR,,oui
SDT,90855,AA629QE,178500.0,oui
SDT,90856,AA625QE,140500.0,oui
SDT,104011,5554TTA1,44000.0,oui
SDT,104012,5553TTA1,37000.0,oui
SDT,104013,5549TTA1,21000.0,oui
SDT,104016,AA985HD0,97500.0,oui
SDT,104017,AA255WB,117000.0,oui
SDT,104044,5555TTA1,6000.0,oui
SDT,104201,DK2913AC0,,oui
SDT,104204,DK3330AE0,2000.0,oui
SDT,104205,AA431TM,,oui
SDT,104206,AA434TM0,10500.0,oui
SDT,104234,AA202SZ0,18000.0,oui
SDT,104235,AA029TW0,48000.0,oui
SDT,104236,AA579TV0,28500.0,oui
SDT,104237,DK2658BK0,16500.0,oui
SDT,104238,DK0372EX0,32000.0,oui
SDT,104239,DK0835EX0,6000.0,oui
SDT,104240,DK0836EX,,oui
SDT,112753,DK0952EX,,oui
SDT,112754,DK0953EX0,,oui
SDT,112755,DK0986EX0,,oui
SDT,116348,AA951SH,8000.0,non
SENEXPAT,90902,AA883QW,,oui
SENEXPAT,90903,AA218FE,1500.0,oui
SENEXPAT,90904,AA542MB,,oui
SENEXPAT,90905,AA327JE0,,oui
SENEXPAT,90906,AA012GJ,,oui
SENEXPAT,90907,AA760RK,,oui
SENEXPAT,90908,AA152QV,18000.0,oui
SILCAR SA,90582,AA765JH,7500.0,oui
SILCAR SA,90583,AA774JH,,oui
SILCAR SA,90584,AA771JH,3500.0,oui
SILCAR SA,90585,AA206EQ0,,oui
SILCAR SA,90586,AA741AE0,3000.0,oui
SILCAR SA,90919,AA768JH,8000.0,oui
SILCAR SA,90920,AA676MB,,oui
SLT,106009,AA577CC,3000.0,non
SLT,112711,AA690CC,21000.0,non
SLT,112737,AA673CC,6500.0,non
SLT,112738,AA636CC,15500.0,non
SLT,112739,AA582CC,11000.0,non
SLT,112740,AA578CC,12000.0,non
SLT,112741,AA507CC,7000.0,non
SLT,112742,AA721CC,,non
SLT,112743,AA466CC,7000.0,non
SLT,112744,AA442CC,5000.0,non
SLT,112745,AA446CC,21000.0,non
SLT,112746,AA434CC,10500.0,non
SLT,112747,AA616CC,6000.0,non
SLT,112750,AA692CC,3000.0,non
SOGETRHI,7009,DK5036BG,,oui
SOGETRHI,7010,DK3070BK,,oui
SOGETRHI,7011,AA325BE,,oui
SOGETRHI,7012,AA324BE,,oui
SOGETRHI,7013,AA688BG,,oui
SOGETRHI,7014,AA926BF,,oui
SOGETRHI,7025,DK0466AH,,oui
SOGETRHI,7029,DK0464AH,,oui
SOGETRHI,7139,DK0467AH,,oui
SOGETRHI,7157,DK1304BC0,,oui
SOGETRHI,7158,DK7806AB,,oui
SOGETRHI,7159,DK8761AX,,oui
SOGETRHI,7166,DK5080AS,,oui
SOGETRHI,7167,DK0343AN,,oui
SOGETRHI,7245,DK0465AH,,oui
SONES,25812,DK4849AR,,oui
SONES,25816,DK2130BG,,oui
SONES,25819,AA369BG,,oui
SONES,90748,AA501CR,2000.0,oui
SONES,106073,DK8120AZ,,oui
SONES,106074,DK2098BE,,oui
SONES,106075,DK9741AR,,oui
SONES,106076,DK3849AR,4000.0,oui
SONES,106077,DK3884AR,1000.0,oui
SONES,106079,DK9602BK,,oui
SONES,106080,AA524CR0,,oui
STH,7246,DK-6068-BH,,oui
STH,103310,TH3929D,,oui
STH,103312,TH3928D,,oui
STH,103313,TH4382D,,oui
STH,103314,TH9809K,,oui
STH,103315,TH5525K,6000.0,oui
STH,103316,AA636BX,,oui
STH,103317,TH3976D,,oui
STH,103318,TH2999H,,oui
STH,103319,AA632BX,,oui
TERANGA SURETE AEROPORTUAIRE,3153,DK8654BL,,oui
TERANGA SURETE AEROPORTUAIRE,11677,TH2105M,,oui
TERANGA SURETE AEROPORTUAIRE,38006,TH2105M0,,oui
TERANGA SURETE AEROPORTUAIRE,38005,DK5105BM0,,oui
TERANGA SURETE AEROPORTUAIRE,69544,2337TTA1,,oui
TERANGA SURETE AEROPORTUAIRE,104323,AA145DC,2000.0,oui
TERANGA SURETE AEROPORTUAIRE,104324,2348TTA1,2000.0,oui
TERANGA SURETE AEROPORTUAIRE,104339,056TTA1,,oui
TERANGA SURETE AEROPORTUAIRE,104340,2645TTA1,48000.0,oui
TERANGA SURETE AEROPORTUAIRE,104341,DK3778BF0,,oui
TERANGA SURETE AEROPORTUAIRE,104342,2345TTA1,189000.0,oui
TERANGA SURETE AEROPORTUAIRE,104343,DK1015EX,10000.0,oui
TERANGA SURETE AEROPORTUAIRE,104344,DK1021EX,18000.0,oui
TERANGA SURETE AEROPORTUAIRE,104345,AA122DW,3500.0,oui
TERANGA SURETE AEROPORTUAIRE,104387,2359TTA1,3000.0,oui
TERANGA SURETE AEROPORTUAIRE,104388,2355TTA1,,oui
TERANGA SURETE AEROPORTUAIRE,104392,DK1049EX,,oui
TERANGA SURETE AEROPORTUAIRE,104396,2356TTA1,9000.0,oui
TERANGA SURETE AEROPORTUAIRE,104397,AA455LZ,,oui
TERANGA SURETE AEROPORTUAIRE,104398,2334TTA1,,oui
TERANGA SURETE AEROPORTUAIRE,104399,2339TTA1,3000.0,oui
TERANGA SURETE AEROPORTUAIRE,104400,2414TTA1,,oui
TOSTAN,101642,7432TTD1,,oui
TOSTAN,101643,1268TTA10,8000.0,oui
TOSTAN,101644,TOSIT003,25500.0,oui
TOSTAN,101645,TOSIT0050,,oui
TOSTAN,101646,TOSIT037,21000.0,oui
TOSTAN,101648,TOSIT035,9000.0,oui
TOSTAN,101649,TOSIT038,6000.0,oui
TOSTAN,101650,TOSIT039,21000.0,oui
TOSTAN,103156,TOSIT006,14000.0,oui
TOSTAN,103157,TOSIT001,4000.0,oui
TOSTAN,104268,TOSIT036,13000.0,oui
TOSTAN,118760,AA323QD0,8000.0,non
TOSTAN,118793,3592TTC1,,non
TOTAL,8466,DK3288BG0,7000.0,oui
TOTAL,29701,DK4500AY0,,oui
TOTAL,29704,DK9846AY,,oui
TOTAL,29705,AA835RR,,oui
TOTAL,29711,DK6297BF,,oui
TOTAL,29762,AA790BN,,oui
TOTAL,29776,AA808BN,,oui
TOTAL,29798,DK2735BK,,oui
TOTAL,69136,AA536PX,15000.0,oui
TOTAL,69899,AA644KJ0,6000.0,oui
TOTAL,90896,AA740QN0,6000.0,oui
TOTAL,100785,AA541QN,10000.0,oui
TOTAL,101800,AA928RL,,oui
TOTAL,109967,AA519ZF,,non
TOTAL,109986,AA544QN,1000.0,non
TRANSGAYE,7190,TH2268F,,oui
TRANSGAYE,109981,TH8124G,,non
TRANSGAYE,109982,AA852AY,,non
TRANSGAYE,109983,TH6837K0,4500.0,non
TRANSGAYE,109984,TH2267F,,non
TRANSGAYE,118724,TH3264L,,non
TRANSGAYE,118725,AA936BG,,non
TRANSGAYE,118726,TH7970E,,non
TRANSGAYE,118727,TH6682F,,non
TRANSGAYE,118807,TH9848G,,non
TAD,6206,TH5267E0,,oui
TAD,13440,TH7618D0,,oui
TAD,24831,TH8891D,,oui
TAD,24832,TH8892C,,oui
TAD,24833,TH0290E,5000.0,oui
TAD,24834,TH0291E,,oui
TAD,24835,TH0292E,,oui
TAD,24836,TH0293E,,oui
TAD,24837,TH0294E,,oui
TAD,24853,TH1058L0,,oui
TAD,24879,TH7619D,,oui
TAD,24889,TH5805E,,oui
TAD,24897,TH5263E,,oui
TAD,24899,TH5265E,,oui
TAD,24900,TH5266E,,oui
TAD,24910,TH5060C,,oui
TAD,24916,TH3584E,5000.0,oui
TAD,69139,AA832GZ,,oui
TAD,104151,AA832GZ0,30000.0,oui
TAD,104152,AA734GL,24000.0,oui
TAD,104153,AA983FV,5000.0,oui
TAD,104154,TH2998G,22000.0,oui
TAD,104155,TH3829D,14000.0,oui
TAD,104156,AA346KL,9000.0,oui
TAD,104157,AA401KR,8000.0,oui
TAD,104158,TH3835D,,oui
TAD,104159,TH4729E,5000.0,oui
TAD,104160,AA279FJ,9000.0,oui
TAD,104161,AA942EY.,,oui
TAD,104162,AA658HZ,4000.0,oui
TAD,104163,AA518SP,,oui
TAD,104164,AA144QH,4000.0,oui
TAD,104165,TH3827D,,oui
TAD,104166,AA350KL,38000.0,oui
TAD,104167,TH3583E,2000.0,oui
TAD,104168,AA553LK,7000.0,oui
TAD,104169,TH3581E,18000.0,oui
TAD,104170,TH3580E,6000.0,oui
TAD,104171,AA877GZ,34000.0,oui
TAD,104172,TH0481D0,24000.0,oui
TAD,104173,AA850GZ,10000.0,oui
TAD,104174,AA818GZ,28000.0,oui
TAD,104177,AA797GZ,50000.0,oui
TAD,104178,AA776GZ,10000.0,oui
TAD,104179,AA753GZ,24000.0,oui
TAD,104181,AA218FJ,25000.0,oui
TAD,104182,AA744FP,4000.0,oui
TAD,104183,AA732FP,,oui
TAD,104184,AA258FJ,7000.0,oui
TAD,104185,AA858GZ,23500.0,oui
TAD,104186,AA197FJ,20000.0,oui
TAD,104187,AA280FJ,,oui
TAD,104188,AA737FP,24500.0,oui
TAD,104189,AA229FJ,6000.0,oui
TAD,104190,TH9870G0,6500.0,oui
TAD,104196,AA524LT,23000.0,oui
TAD,104197,DK0871BB,1000.0,oui
TAD,104198,AA733GM,13000.0,oui
TAD,104199,AA243FJ,29000.0,oui
TAD,104200,AA272FJ,4000.0,oui
TAD,112691,TH6226F,45000.0,oui
TAD,112692,AA720MJ,27500.0,oui
TAD,112693,AB021AB,36500.0,oui
TAD,112694,TH5938K,,oui
TAD,112695,TH5937K,17500.0,oui
TAD,112696,AA977FV,14000.0,oui
TAD,112697,TH5835E,,oui
TAD,112698,AA006HL,,oui
TAD,112699,AA005HL,26000.0,oui
TAD,112700,AA003HL,37500.0,oui
TAD,112701,TH5803E,,oui
TAD,112702,TH5680E,34000.0,oui
TAD,112703,TH5679E,19500.0,oui
TAD,112704,AA561LV,,oui
TAD,112705,TH5459D,,oui
TAD,112706,AA537MV0,2000.0,oui
TAD,112707,TH5290E,4000.0,oui
TAD,112708,AA841KM,10000.0,oui
TAD,112709,AA980HK,10000.0,oui
TAD,112710,AA328KN,8000.0,oui
TAD,112674,AA759CW,23000.0,oui
TAD,112676,TH8243K,44000.0,oui
TAD,112677,AA148PX,40000.0,oui
TAD,112678,TH8241K,22500.0,oui
TAD,112679,TH8240K,45000.0,oui
TAD,112680,TH8238K,42500.0,oui
TAD,112681,TH7931G,10000.0,oui
TAD,112682,TH7925G,31000.0,oui
TAD,112683,AA997QV,39000.0,oui
TAD,112684,TH7923G,24000.0,oui
TAD,112685,TH7922G,20000.0,oui
TAD,112686,TH7920G,,oui
TAD,112687,AA322PZ,89500.0,oui
TAD,112688,TH6228F,50500.0,oui
TAD,112690,AA005QV,35000.0,oui
TAD,118367,AA761BD,42000.0,non
TAD,118809,TH4730E,,non
TAD,118810,AA348HP,20000.0,non
TAD,118811,AA 977 FV,,non
TAD,118812,AA236VJ,5000.0,non
TAD,118815,AA647ML,,non
TRANSPORT SERIGNE GUEYE,69462,AA976FW,5000.0,oui
TRANSPORT SERIGNE GUEYE,69646,AA514GF,,oui
TRANSPORT SERIGNE GUEYE,69648,DL9520E,7000.0,oui
TRANSPORT SERIGNE GUEYE,69652,AA595JQ,,oui
TRANSPORT SERIGNE GUEYE,69653,AA528FD,,oui
TRANSPORT SERIGNE GUEYE,69668,AA446DH,,oui
TRANSPORT SERIGNE GUEYE,69669,DL7479D,10000.0,oui
TRANSPORT SERIGNE GUEYE,69671,AA763CF,69000.0,oui
TRANSPORT SERIGNE GUEYE,69673,DL6807E,129500.0,oui
TRANSPORT SERIGNE GUEYE,69684,DL6337D,,oui
TRANSPORT SERIGNE GUEYE,69695,DL1144D,,oui
TRANSPORT SERIGNE GUEYE,69702,AA375CM,79000.0,oui
TRANSPORT SERIGNE GUEYE,69714,AA142HJ,49500.0,oui
TRANSPORT SERIGNE GUEYE,69717,AA771CF,81000.0,oui
TRANSPORT SERIGNE GUEYE,69718,DL5835E,75500.0,oui
TRANSPORT SERIGNE GUEYE,69719,DL5834E,7000.0,oui
TRANSPORT SERIGNE GUEYE,69727,DL6233E,75000.0,oui
TRANSPORT SERIGNE GUEYE,69733,AA504JL,3000.0,oui
TRANSPORT SERIGNE GUEYE,69734,AA767CF,51000.0,oui
TRANSPORT SERIGNE GUEYE,69740,DL2283E,53500.0,oui
TRANSPORT SERIGNE GUEYE,69760,DL3168E,47500.0,oui
TRANSPORT SERIGNE GUEYE,69764,AA495KB,67500.0,oui
TRANSPORT SERIGNE GUEYE,69765,AA829GX,122000.0,oui
TRANSPORT SERIGNE GUEYE,69785,AA633HV,,oui
TRANSPORT SERIGNE GUEYE,69786,AA-248-HR,12000.0,oui
TRANSPORT SERIGNE GUEYE,69800,AA686HT,86000.0,oui
TRANSPORT SERIGNE GUEYE,104241,AA491KB,42500.0,oui
TRANSPORT SERIGNE GUEYE,104242,AA490KB,,oui
TRANSPORT SUNU KEUR SA,64531,AA345KT,,oui
TRANSPORT SUNU KEUR SA,64532,AA076NE,26000.0,oui
TRANSPORT SUNU KEUR SA,64533,AA182JM,5000.0,oui
TRANSPORT SUNU KEUR SA,64535,DK5633AY,,oui
TRANSPORT SUNU KEUR SA,64542,DK6071BC,54000.0,oui
TRANSPORT SUNU KEUR SA,64543,AA683PM,13500.0,oui
TRANSPORT SUNU KEUR SA,64544,AA682PM,27500.0,oui
TRANSPORT SUNU KEUR SA,64545,AA681PM,12000.0,oui
TRANSPORT SUNU KEUR SA,64547,AA211DY,14000.0,oui
TRANSPORT SUNU KEUR SA,64550,AA184GM,32000.0,oui
TRANSPORT SUNU KEUR SA,64551,AA013JG0,21000.0,oui
TRANSPORT SUNU KEUR SA,64552,AA017JG,20000.0,oui
TRANSPORT SUNU KEUR SA,64553,AA237EF,3000.0,oui
TRANSPORT SUNU KEUR SA,64554,AA024CY,17500.0,oui
TRANSPORT SUNU KEUR SA,64556,DK9353BL0,29000.0,oui
TRANSPORT SUNU KEUR SA,64560,DK9285BF,,oui
TRANSPORT SUNU KEUR SA,64563,DK7413BH0,,oui
TRANSPORT SUNU KEUR SA,64564,AA784JN,28500.0,oui
TRANSPORT SUNU KEUR SA,64566,AA039JG,29500.0,oui
TRANSPORT SUNU KEUR SA,64567,AA018CR0,,oui
TRANSPORT SUNU KEUR SA,64568,AA354KT,,oui
TRANSPORT SUNU KEUR SA,64569,AA779JL0,54000.0,oui
TRANSPORT SUNU KEUR SA,88211,AA770QW,21000.0,oui
TRANSPORT SUNU KEUR SA,88212,AA315QB,22000.0,oui
TRANSPORT SUNU KEUR SA,88213,AA308QB,34000.0,oui
TRANSPORT SUNU KEUR SA,88214,AA311QB,127500.0,oui
TRANSPORT SUNU KEUR SA,88296,AA779QW,35000.0,oui
TRANSPORT SUNU KEUR SA,81774,AA835MJ,2000.0,oui
TRANSPORT SUNU KEUR SA,81795,AA309QB,23000.0,oui
TRANSPORT SUNU KEUR SA,103328,DK9351BL,6000.0,oui
TRANSPORT SUNU KEUR SA,103329,AA941EQ,28000.0,oui
TRANSPORT SUNU KEUR SA,103330,AA558AY,9000.0,oui
TRANSPORT SUNU KEUR SA,103331,DK6069BC,27000.0,oui
TRANSPORT SUNU KEUR SA,103332,AA159DY0,37000.0,oui
TRANSPORT SUNU KEUR SA,103333,DK7412BH0,,oui
TRANSPORT SUNU KEUR SA,103334,DK9352BL,17500.0,oui
TRANSPORT SUNU KEUR SA,103335,DK7003AT,9000.0,oui
TRANSPORT SUNU KEUR SA,103336,DK7004AT0,,oui
TRANSPORT SUNU KEUR SA,103337,AA163DY0,9500.0,oui
TRANSPORT SUNU KEUR SA,103338,AA486CN0,40000.0,oui
TRANSPORT SUNU KEUR SA,104207,AA768VW,38500.0,oui
TRANSPORT SUNU KEUR SA,104208,AA827SR,9000.0,oui
TRANSPORT SUNU KEUR SA,118739,AA200VW,18000.0,non
UTRI TOUBA,64168,AA421DX0,,oui
UTRI TOUBA,69414,AA419DX0,,oui
UTRI TOUBA,69415,AA642LV,,oui
UTRI TOUBA,69416,AA644LV,,oui
UTRI TOUBA,69417,AA645LV,,oui
UTRI TOUBA,69418,AA796EW,,oui
UTRI TOUBA,69875,AA646LV,,oui
UTRI TOUBA,69876,AA387LF,,oui
UTRI TOUBA,69877,AA950JY,,oui
UTRI TOUBA,69878,AA651LX,,oui
UTRI TOUBA,69879,AA281GZ0,,oui
UTRI TOUBA,69888,AA295HX0,,oui
UTRI TOUBA,69889,AA640LV,,oui
UTRI TOUBA,69890,AA420DX0,,oui
UTRI TOUBA,69891,AA503EZ0,,oui
UTRI TOUBA,69892,AA505EZ0,,oui
UTRI TOUBA,69893,AA507EZ0,,oui
UTRI TOUBA,69894,AA852JZ0,,oui
UNCHK,69401,DK0136EP88,1500.0,oui
UNCHK,69402,DK0135EP88,,oui
UNCHK,69403,CHL00209,,oui
UNCHK,69404,CHL00333,4000.0,oui
UNCHK,69405,AD21829,,oui
UNCHK,69406,DK0025EP88,,oui
UNCHK,69408,DK0024EP88,,oui
UNCHK,69409,AA-237-BC,,oui
UNCHK,69410,DK2019EP88,,oui
UNCHK,69411,DK2018EP 88,10000.0,oui
UNCHK,90866,AA204SS,4000.0,oui
UNCHK,106046,0474EP88,31500.0,oui
UNCHK,106047,0479EP88,,oui
UNCHK,106048,0480EP88,4000.0,oui
UNCHK,106049,0476EP88,15000.0,oui
UNCHK,106050,0477EP88,4500.0,oui
UNCHK,106051,0475EP88,5500.0,oui
UNCHK,106052,0472EP88,2000.0,oui
UNCHK,112643,DK0123EP88,37500.0,oui
UNCHK,112652,0473EP88,,oui
NMK TRANSPORT,64328,AA314MS,,oui
NMK TRANSPORT,64329,AA982LY,,oui
NMK TRANSPORT,64330,AA464KR,,oui
NMK TRANSPORT,92137,AA157LJ,,non
NMK TRANSPORT,69321,AA080BN,,oui
NMK TRANSPORT,69322,AA635JC,,oui
NMK TRANSPORT,69323,AA910JL,,oui
NMK TRANSPORT,64526,TH4312G,,oui
NMK TRANSPORT,69325,AA797FS,,oui
NMK TRANSPORT,69326,AA766EW0,,oui
NMK TRANSPORT,69327,AA11CE,,oui
NMK TRANSPORT,69328,AA114AL0,,oui
NMK TRANSPORT,69329,AA548JK,,oui
NMK TRANSPORT,69330,AA763EW,,oui
NMK TRANSPORT,69331,AA972BW,,oui
